1y$B4Uq994ePTP2tD$diNu,1y$B4Uq994ePTP2tD$diGB,0h1417sob1_w6opPcsjJsj
1y$B4Uq994ePTP2tD$diHh,2yFdxy3_L2bf88kM4higSE,1y$B4Uq994ePTP2tD$diGY,1y$B4Uq994ePTP2tD$diGB,1y$B4Uq994ePTP2tD$diJq,0h1417sob1_w6opPcsjJsj
1y$B4Uq994ePTP2tD$diHr,1y$B4Uq994ePTP2tD$diJq,1y$B4Uq994ePTP2tD$diHy,1y$B4Uq994ePTP2tD$diGY,0h1417sob1_w6opPcsjJsj
1y$B4Uq994ePTP2tD$diHy,1y$B4Uq994ePTP2tD$diHr,1y$B4Uq994ePTP2tD$diJq,0h1417sob1_w6opPcsjJsj
1y$B4Uq994ePTP2tD$diGB,2yFdxy3_L2bf88kM4higSE,1y$B4Uq994ePTP2tD$diNu,1y$B4Uq994ePTP2tD$diHh,1y$B4Uq994ePTP2tD$diJq,0h1417sob1_w6opPcsjJsj
1y$B4Uq994ePTP2tD$diGY,2yFdxy3_L2bf88kM4higSE,1y$B4Uq994ePTP2tD$diHr,1y$B4Uq994ePTP2tD$diHh,1y$B4Uq994ePTP2tD$diJq,0h1417sob1_w6opPcsjJsj
1y$B4Uq994ePTP2tD$diJq,2yFdxy3_L2bf88kM4higSE,0h1417sob1_w6opPcsjJfq,1y$B4Uq994ePTP2tD$diHy,1y$B4Uq994ePTP2tD$diGY,1y$B4Uq994ePTP2tD$diHr,1y$B4Uq994ePTP2tD$diGB,1y$B4Uq994ePTP2tD$diHh
1y$B4Uq994ePTP2tD$diJx,1y$B4Uq994ePTP2tD$diI2,3I4pmWbmP5j9qN39_QZe7s,1NQaYx$l9Fxwk17bLoURci,3ouNmxeFb5CQ_5Hd2J9u2L,1gC2lqngj8hQ9OgWx$762C,2IRRGeGVD4mwnjuD6Rcm3R,3cgL22Rh50aPZnHkdtNFJX,1_bgsf_bP5g97UQjHnvxx4,1y$B4Uq994ePTP2tD$diJu,2IRRGeGVD4mwnjuD6RcmSq,3cgL22Rh50aPZnHkdtNFJj
1y$B4Uq994ePTP2tD$diJu,0h1417sob1_w6opPcsjJfq,1NQaYx$l9Fxwk17bLoURci,1y$B4Uq994ePTP2tD$diJx,3I4pmWbmP5j9qN39_QZe7s,3ouNmxeFb5CQ_5Hd2J9u2L,1gC2lqngj8hQ9OgWx$762C,2IRRGeGVD4mwnjuD6Rcm3R,3cgL22Rh50aPZnHkdtNFJX,1_bgsf_bP5g97UQjHnvxx4,2IRRGeGVD4mwnjuD6RcmSq,3cgL22Rh50aPZnHkdtNFJj,0h1417sob1_w6opPcsjJfI
1y$B4Uq994ePTP2tD$diI2,3ouNmxeFb5CQ_5Hd2J9u2L,1gC2lqngj8hQ9OgWx$762C,2IRRGeGVD4mwnjuD6Rcm3R,3cgL22Rh50aPZnHkdtNFJX,1_bgsf_bP5g97UQjHnvxx4,2IRRGeGVD4mwnjuD6RcmSq,1y$B4Uq994ePTP2tD$diJx,3I4pmWbmP5j9qN39_QZe7s,1NQaYx$l9Fxwk17bLoURci,3cgL22Rh50aPZnHkdtNFJj
1y$B4Uq994ePTP2tD$diI9,1y$B4Uq994ePTP2tD$digG,1y$B4Uq994ePTP2tD$digj,1y$B4Uq994ePTP2tD$digc,1y$B4Uq994ePTP2tD$dik7,1y$B4Uq994ePTP2tD$diIJ
1y$B4Uq994ePTP2tD$diIJ,1y$B4Uq994ePTP2tD$digG,1y$B4Uq994ePTP2tD$digp,1y$B4Uq994ePTP2tD$diI9,1y$B4Uq994ePTP2tD$dik7,1y$B4Uq994ePTP2tD$diIT
1y$B4Uq994ePTP2tD$diIT,1y$B4Uq994ePTP2tD$digG,1y$B4Uq994ePTP2tD$digp,1y$B4Uq994ePTP2tD$digv,1y$B4Uq994ePTP2tD$dik7,1y$B4Uq994ePTP2tD$diIJ
1y$B4Uq994ePTP2tD$dik7,1y$B4Uq994ePTP2tD$digG,1y$B4Uq994ePTP2tD$digj,2yFdxy3_L2bf88kM4higSE,1y$B4Uq994ePTP2tD$digp,1y$B4Uq994ePTP2tD$digc,1y$B4Uq994ePTP2tD$diI9,1y$B4Uq994ePTP2tD$digv,0h1417sob1_w6opPcsjJfq,1y$B4Uq994ePTP2tD$diIT,1y$B4Uq994ePTP2tD$diIJ
1y$B4Uq994ePTP2tD$dikD
1y$B4Uq994ePTP2tD$dikd,0h1417sob1_w6opPcsjJs$,1y$B4Uq994ePTP2tD$digA,0h1417sob1_w6opPcsjJsj
1y$B4Uq994ePTP2tD$digA,0h1417sob1_w6opPcsjJs$,1_bgsf_bP5g97UQjHnvxvo,1_bgsf_bP5g97UQjHnvxvF,1_bgsf_bP5g97UQjHnvxvK,1_bgsf_bP5g97UQjHnvxuW,0h1417sob1_w6opPcsjJfO,0h1417sob1_w6opPcsjJfI,1y$B4Uq994ePTP2tD$dikd,0h1417sob1_w6opPcsjJfY,1_bgsf_bP5g97UQjHnvxvP
1y$B4Uq994ePTP2tD$digG,1y$B4Uq994ePTP2tD$digj,1y$B4Uq994ePTP2tD$digp,1y$B4Uq994ePTP2tD$digc,1y$B4Uq994ePTP2tD$diI9,1_bgsf_bP5g97UQjHnvx$t,1_bgsf_bP5g97UQjHnvx$i,1y$B4Uq994ePTP2tD$dik7,1y$B4Uq994ePTP2tD$diIT,1y$B4Uq994ePTP2tD$diIJ
1y$B4Uq994ePTP2tD$digc,1y$B4Uq994ePTP2tD$digG,1y$B4Uq994ePTP2tD$digj,1y$B4Uq994ePTP2tD$diI9,1_bgsf_bP5g97UQjHnvxy5,1_bgsf_bP5g97UQjHnvx$i,1_bgsf_bP5g97UQjHnvx$t,1y$B4Uq994ePTP2tD$dik7
1y$B4Uq994ePTP2tD$digj,1y$B4Uq994ePTP2tD$digG,1y$B4Uq994ePTP2tD$digp,1y$B4Uq994ePTP2tD$diI9,1y$B4Uq994ePTP2tD$digc,1y$B4Uq994ePTP2tD$digv,1_bgsf_bP5g97UQjHnvx$b,1_bgsf_bP5g97UQjHnvxy5,1_bgsf_bP5g97UQjHnvx$i,1y$B4Uq994ePTP2tD$dik7
1y$B4Uq994ePTP2tD$digp,1y$B4Uq994ePTP2tD$digG,1y$B4Uq994ePTP2tD$digj,1y$B4Uq994ePTP2tD$digv,1_bgsf_bP5g97UQjHnvx$b,1_bgsf_bP5g97UQjHnvx$i,1y$B4Uq994ePTP2tD$dik7,1y$B4Uq994ePTP2tD$diIT,1y$B4Uq994ePTP2tD$diIJ
1y$B4Uq994ePTP2tD$digv,1y$B4Uq994ePTP2tD$digj,1_bgsf_bP5g97UQjHnvxym,1y$B4Uq994ePTP2tD$digp,1_bgsf_bP5g97UQjHnvx$b,1_bgsf_bP5g97UQjHnvxy5,1y$B4Uq994ePTP2tD$dik7,1y$B4Uq994ePTP2tD$diIT
1_bgsf_bP5g97UQjHnvxve,0h1417sob1_w6opPcsjJs$,1_bgsf_bP5g97UQjHnvxvo,1gC2lqngj8hQ9OgWx$76HD,1gC2lqngj8hQ9OgWx$76Mg,1_bgsf_bP5g97UQjHnvxvK,1gC2lqngj8hQ9OgWx$76MZ,0h1417sob1_w6opPcsjJrO,0h1417sob1_w6opPcsjJrY
1_bgsf_bP5g97UQjHnvxvo,1_bgsf_bP5g97UQjHnvxve,0h1417sob1_w6opPcsjJs$,1gC2lqngj8hQ9OgWx$76Ht,1_bgsf_bP5g97UQjHnvxvF,1gC2lqngj8hQ9OgWx$76MZ,0h1417sob1_w6opPcsjJfY,1gC2lqngj8hQ9OgWx$76HD,1gC2lqngj8hQ9OgWx$76Mg,1_bgsf_bP5g97UQjHnvxvK,0h1417sob1_w6opPcsjJfI,1y$B4Uq994ePTP2tD$digA
1_bgsf_bP5g97UQjHnvxvF,0h1417sob1_w6opPcsjJs$,1_bgsf_bP5g97UQjHnvxvo,1gC2lqngj8hQ9OgWx$76HD,1gC2lqngj8hQ9OgWx$76Ht,1gC2lqngj8hQ9OgWx$76MZ,1_bgsf_bP5g97UQjHnvxvK,0h1417sob1_w6opPcsjJfI,0h1417sob1_w6opPcsjJfY,1y$B4Uq994ePTP2tD$digA
1_bgsf_bP5g97UQjHnvxvK,1_bgsf_bP5g97UQjHnvxve,0h1417sob1_w6opPcsjJs$,1_bgsf_bP5g97UQjHnvxvF,1gC2lqngj8hQ9OgWx$76MZ,1_bgsf_bP5g97UQjHnvxuW,1gC2lqngj8hQ9OgWx$76HP,1gC2lqngj8hQ9OgWx$76Hm,0h1417sob1_w6opPcsjJfI,1gC2lqngj8hQ9OgWx$76N4,0h1417sob1_w6opPcsjJrY,1_bgsf_bP5g97UQjHnvxvo,1gC2lqngj8hQ9OgWx$76Ht,1_bgsf_bP5g97UQjHnvxur,0h1417sob1_w6opPcsjJfY,1_bgsf_bP5g97UQjHnvxxo,0h1417sob1_w6opPcsjJrO,1gC2lqngj8hQ9OgWx$76HD,1gC2lqngj8hQ9OgWx$76Mg,1gC2lqngj8hQ9OgWx$76HM,1gC2lqngj8hQ9OgWx$76NF,1_bgsf_bP5g97UQjHnvxuC,1gC2lqngj8hQ9OgWx$76NT,1y$B4Uq994ePTP2tD$digA,1_bgsf_bP5g97UQjHnvxvP
1_bgsf_bP5g97UQjHnvxvP,0h1417sob1_w6opPcsjJs$,1_bgsf_bP5g97UQjHnvxur,1gC2lqngj8hQ9OgWx$76HD,1_bgsf_bP5g97UQjHnvxvK,1_bgsf_bP5g97UQjHnvxuW,1gC2lqngj8hQ9OgWx$76NF,1gC2lqngj8hQ9OgWx$76Hm,0h1417sob1_w6opPcsjJfI,0h1417sob1_w6opPcsjJfO,1gC2lqngj8hQ9OgWx$76N4,1gC2lqngj8hQ9OgWx$76NT,1y$B4Uq994ePTP2tD$digA
1_bgsf_bP5g97UQjHnvxuW,0h1417sob1_w6opPcsjJs$,1gC2lqngj8hQ9OgWx$76HD,1_bgsf_bP5g97UQjHnvxvK,1gC2lqngj8hQ9OgWx$76Hm,0h1417sob1_w6opPcsjJfO,0h1417sob1_w6opPcsjJfI,1gC2lqngj8hQ9OgWx$76NT,1y$B4Uq994ePTP2tD$digA,1_bgsf_bP5g97UQjHnvxvP
1_bgsf_bP5g97UQjHnvxur,0h1417sob1_w6opPcsjJs$,0h1417sob1_w6opPcsjJq8,1_bgsf_bP5g97UQjHnvxxo,0h1417sob1_w6opPcsjJrO,1gC2lqngj8hQ9OgWx$76HD,1_bgsf_bP5g97UQjHnvxvK,1gC2lqngj8hQ9OgWx$76NF,1gC2lqngj8hQ9OgWx$76Ns,1gC2lqngj8hQ9OgWx$76HM,1gC2lqngj8hQ9OgWx$76N4,1_bgsf_bP5g97UQjHnvxvP
1_bgsf_bP5g97UQjHnvxuC,1_bgsf_bP5g97UQjHnvxxo,0h1417sob1_w6opPcsjJrO,1_bgsf_bP5g97UQjHnvxvK,0h1417sob1_w6opPcsjJrY
1_bgsf_bP5g97UQjHnvxxo,1_bgsf_bP5g97UQjHnvxuC,0h1417sob1_w6opPcsjJrO,1_bgsf_bP5g97UQjHnvxvK,1_bgsf_bP5g97UQjHnvxur
1_bgsf_bP5g97UQjHnvxx4,1gC2lqngj8hQ9OgWx$762C,1y$B4Uq994ePTP2tD$diI2,1y$B4Uq994ePTP2tD$diJx,1y$B4Uq994ePTP2tD$diJu,0h1417sob1_w6opPcsjJfI,3cgL22Rh50aPZnHkdtNFJj,1gC2lqngj8hQ9OgWx$76M_,1_bgsf_bP5g97UQjHnvxxF
1_bgsf_bP5g97UQjHnvxxF,1gC2lqngj8hQ9OgWx$762C,1gC2lqngj8hQ9OgWx$76Mm,1_bgsf_bP5g97UQjHnvxx4,0h1417sob1_w6opPcsjJfI,1gC2lqngj8hQ9OgWx$76M_
1_bgsf_bP5g97UQjHnvxxM,1_bgsf_bP5g97UQjHnvxxP,1_bgsf_bP5g97UQjHnvxyF
1_bgsf_bP5g97UQjHnvxxP,1_bgsf_bP5g97UQjHnvxxM,1gC2lqngj8hQ9OgWx$76TU,1gC2lqngj8hQ9OgWx$76TA,1gC2lqngj8hQ9OgWx$763o,1gC2lqngj8hQ9OgWx$76Sn,1_bgsf_bP5g97UQjHnvxyf,1_bgsf_bP5g97UQjHnvxyF,1gC2lqngj8hQ9OgWx$76Sc,1gC2lqngj8hQ9OgWx$763b,1_bgsf_bP5g97UQjHnvxy5,1gC2lqngj8hQ9OgWx$76S$,1gC2lqngj8hQ9OgWx$76S0
1_bgsf_bP5g97UQjHnvxyf,1_bgsf_bP5g97UQjHnvxxP,1_bgsf_bP5g97UQjHnvxym,1_bgsf_bP5g97UQjHnvxy5
1_bgsf_bP5g97UQjHnvxym,1_bgsf_bP5g97UQjHnvxy5,1y$B4Uq994ePTP2tD$digv,1_bgsf_bP5g97UQjHnvxyf,1_bgsf_bP5g97UQjHnvx$b
1_bgsf_bP5g97UQjHnvxy5,1_bgsf_bP5g97UQjHnvxym,1gC2lqngj8hQ9OgWx$76TU,1gC2lqngj8hQ9OgWx$76Sf,1gC2lqngj8hQ9OgWx$76TA,1_bgsf_bP5g97UQjHnvx$b,1_bgsf_bP5g97UQjHnvxxP,1gC2lqngj8hQ9OgWx$76TN,1_bgsf_bP5g97UQjHnvxyf,1_bgsf_bP5g97UQjHnvxyF,1y$B4Uq994ePTP2tD$digj,1gC2lqngj8hQ9OgWx$76Sc,1y$B4Uq994ePTP2tD$digc,1y$B4Uq994ePTP2tD$digv,1gC2lqngj8hQ9OgWx$76SB,1_bgsf_bP5g97UQjHnvx$i,1_bgsf_bP5g97UQjHnvx$t,1gC2lqngj8hQ9OgWx$76S$,1gC2lqngj8hQ9OgWx$76T0
1_bgsf_bP5g97UQjHnvxyF,1_bgsf_bP5g97UQjHnvxxM,1gC2lqngj8hQ9OgWx$76Sc,1gC2lqngj8hQ9OgWx$76TU,1gC2lqngj8hQ9OgWx$76TA,1_bgsf_bP5g97UQjHnvxxP,1_bgsf_bP5g97UQjHnvxy5
1_bgsf_bP5g97UQjHnvx$b,1y$B4Uq994ePTP2tD$digj,1_bgsf_bP5g97UQjHnvxym,1y$B4Uq994ePTP2tD$digp,1gC2lqngj8hQ9OgWx$76Sf,1y$B4Uq994ePTP2tD$digv,1gC2lqngj8hQ9OgWx$76SB,1_bgsf_bP5g97UQjHnvxy5,1_bgsf_bP5g97UQjHnvx$i
1_bgsf_bP5g97UQjHnvx$i,1y$B4Uq994ePTP2tD$digG,1y$B4Uq994ePTP2tD$digj,1y$B4Uq994ePTP2tD$digp,1y$B4Uq994ePTP2tD$digc,1gC2lqngj8hQ9OgWx$76Sf,1_bgsf_bP5g97UQjHnvx$b,1_bgsf_bP5g97UQjHnvxy5,1_bgsf_bP5g97UQjHnvx$t,1gC2lqngj8hQ9OgWx$76TN,1gC2lqngj8hQ9OgWx$76T0
1_bgsf_bP5g97UQjHnvx$t,1y$B4Uq994ePTP2tD$digG,1y$B4Uq994ePTP2tD$digc,1_bgsf_bP5g97UQjHnvxy5,1_bgsf_bP5g97UQjHnvx$i,1gC2lqngj8hQ9OgWx$76TN,1gC2lqngj8hQ9OgWx$76T0
1gC2lqngj8hQ9OgWx$762C,3ouNmxeFb5CQ_5Hd2J9u2L,1_bgsf_bP5g97UQjHnvxx4,3ouNmxeFb5CQ_5Hd2J9uHX,1y$B4Uq994ePTP2tD$diI2,1y$B4Uq994ePTP2tD$diJx,1y$B4Uq994ePTP2tD$diJu,1gC2lqngj8hQ9OgWx$76M_,1_bgsf_bP5g97UQjHnvxxF
1gC2lqngj8hQ9OgWx$763o,1gC2lqngj8hQ9OgWx$763b,1_bgsf_bP5g97UQjHnvxxP,1gC2lqngj8hQ9OgWx$76SB,1gC2lqngj8hQ9OgWx$76TU
1gC2lqngj8hQ9OgWx$763b,1_bgsf_bP5g97UQjHnvxxP,1gC2lqngj8hQ9OgWx$76TU,1gC2lqngj8hQ9OgWx$76S0,1gC2lqngj8hQ9OgWx$763o
1gC2lqngj8hQ9OgWx$76S0,1gC2lqngj8hQ9OgWx$763b,1_bgsf_bP5g97UQjHnvxxP,1gC2lqngj8hQ9OgWx$76TU,1gC2lqngj8hQ9OgWx$76Sn
1gC2lqngj8hQ9OgWx$76SB,1gC2lqngj8hQ9OgWx$76TU,1gC2lqngj8hQ9OgWx$76Sf,3ouNmxeFb5CQ_5Hd2J9uV1,3ouNmxeFb5CQ_5Hd2J9uT$,1gC2lqngj8hQ9OgWx$763o,1_bgsf_bP5g97UQjHnvx$b,3ouNmxeFb5CQ_5Hd2J9uU$,3ouNmxeFb5CQ_5Hd2J9uTr,3ouNmxeFb5CQ_5Hd2J9uTZ,1_bgsf_bP5g97UQjHnvxy5,3ouNmxeFb5CQ_5Hd2J9uVB
1gC2lqngj8hQ9OgWx$76Sn,1gC2lqngj8hQ9OgWx$76TU,3ouNmxeFb5CQ_5Hd2J9uV4,1_bgsf_bP5g97UQjHnvxxP,1gC2lqngj8hQ9OgWx$76S$,3ouNmxeFb5CQ_5Hd2J9uV2,1gC2lqngj8hQ9OgWx$76S0
1gC2lqngj8hQ9OgWx$76S$,1gC2lqngj8hQ9OgWx$76TU,1gC2lqngj8hQ9OgWx$76Sc,3ouNmxeFb5CQ_5Hd2J9uV4,3ouNmxeFb5CQ_5Hd2J9uTZ,3ouNmxeFb5CQ_5Hd2J9uHU,3ouNmxeFb5CQ_5Hd2J9uU$,1_bgsf_bP5g97UQjHnvxxP,1_bgsf_bP5g97UQjHnvxy5,1gC2lqngj8hQ9OgWx$76Sn,3ouNmxeFb5CQ_5Hd2J9uHF
1gC2lqngj8hQ9OgWx$76Sc,1gC2lqngj8hQ9OgWx$76TU,1gC2lqngj8hQ9OgWx$76TA,1_bgsf_bP5g97UQjHnvxxP,3ouNmxeFb5CQ_5Hd2J9uHF,1_bgsf_bP5g97UQjHnvxyF,3ouNmxeFb5CQ_5Hd2J9uTZ,3ouNmxeFb5CQ_5Hd2J9uHH,3ouNmxeFb5CQ_5Hd2J9uHU,1_bgsf_bP5g97UQjHnvxy5,1gC2lqngj8hQ9OgWx$76S$,3ouNmxeFb5CQ_5Hd2J9uTi
1gC2lqngj8hQ9OgWx$76Sf,1gC2lqngj8hQ9OgWx$76TU,1_bgsf_bP5g97UQjHnvx$b,3ouNmxeFb5CQ_5Hd2J9uU$,1gC2lqngj8hQ9OgWx$76TN,3ouNmxeFb5CQ_5Hd2J9uTZ,3ouNmxeFb5CQ_5Hd2J9uHU,1gC2lqngj8hQ9OgWx$76SB,1_bgsf_bP5g97UQjHnvxy5,1_bgsf_bP5g97UQjHnvx$i,3ouNmxeFb5CQ_5Hd2J9uHI,3ouNmxeFb5CQ_5Hd2J9uVB
1gC2lqngj8hQ9OgWx$76TN,1gC2lqngj8hQ9OgWx$76TU,3ouNmxeFb5CQ_5Hd2J9uUp,1gC2lqngj8hQ9OgWx$76Sf,3ouNmxeFb5CQ_5Hd2J9uTZ,3ouNmxeFb5CQ_5Hd2J9uHU,1_bgsf_bP5g97UQjHnvxy5,1_bgsf_bP5g97UQjHnvx$i,1_bgsf_bP5g97UQjHnvx$t,1gC2lqngj8hQ9OgWx$76T0,3ouNmxeFb5CQ_5Hd2J9uHI,3ouNmxeFb5CQ_5Hd2J9uUu
1gC2lqngj8hQ9OgWx$76TU,1gC2lqngj8hQ9OgWx$76Sf,1gC2lqngj8hQ9OgWx$76TA,1gC2lqngj8hQ9OgWx$763o,1gC2lqngj8hQ9OgWx$76TN,1_bgsf_bP5g97UQjHnvxxP,1gC2lqngj8hQ9OgWx$76Sn,1_bgsf_bP5g97UQjHnvxyF,1gC2lqngj8hQ9OgWx$76Sc,1gC2lqngj8hQ9OgWx$763b,1_bgsf_bP5g97UQjHnvxy5,1gC2lqngj8hQ9OgWx$76SB,1gC2lqngj8hQ9OgWx$76S$,1gC2lqngj8hQ9OgWx$76T0,1gC2lqngj8hQ9OgWx$76S0
1gC2lqngj8hQ9OgWx$76T0,1gC2lqngj8hQ9OgWx$76TU,3ouNmxeFb5CQ_5Hd2J9uUp,3ouNmxeFb5CQ_5Hd2J9uTZ,1_bgsf_bP5g97UQjHnvxy5,1_bgsf_bP5g97UQjHnvx$i,1_bgsf_bP5g97UQjHnvx$t,1gC2lqngj8hQ9OgWx$76TN,3ouNmxeFb5CQ_5Hd2J9uUu
1gC2lqngj8hQ9OgWx$76TA,1gC2lqngj8hQ9OgWx$76TU,1gC2lqngj8hQ9OgWx$76Sc,3ouNmxeFb5CQ_5Hd2J9uTZ,1_bgsf_bP5g97UQjHnvxxP,1_bgsf_bP5g97UQjHnvxy5,1_bgsf_bP5g97UQjHnvxyF,3ouNmxeFb5CQ_5Hd2J9uTi
1gC2lqngj8hQ9OgWx$76Mm,3ouNmxeFb5CQ_5Hd2J9u1_,3ouNmxeFb5CQ_5Hd2J9u2C,3ouNmxeFb5CQ_5Hd2J9uHX,3ouNmxeFb5CQ_5Hd2J9u27,1gC2lqngj8hQ9OgWx$76M_,1_bgsf_bP5g97UQjHnvxxF
1gC2lqngj8hQ9OgWx$76M_,3ouNmxeFb5CQ_5Hd2J9u2L,1gC2lqngj8hQ9OgWx$762C,1gC2lqngj8hQ9OgWx$76Mm,3ouNmxeFb5CQ_5Hd2J9u2C,1_bgsf_bP5g97UQjHnvxx4,3ouNmxeFb5CQ_5Hd2J9u1_,3ouNmxeFb5CQ_5Hd2J9uHX,1_bgsf_bP5g97UQjHnvxxF
1gC2lqngj8hQ9OgWx$76MZ,1_bgsf_bP5g97UQjHnvxve,1_bgsf_bP5g97UQjHnvxvo,1gC2lqngj8hQ9OgWx$76Ht,1_bgsf_bP5g97UQjHnvxvF,3ouNmxeFb5CQ_5Hd2J9uM_,3ouNmxeFb5CQ_5Hd2J9uHx,3ouNmxeFb5CQ_5Hd2J9uNA,1gC2lqngj8hQ9OgWx$76HD,1gC2lqngj8hQ9OgWx$76Mg,1_bgsf_bP5g97UQjHnvxvK,3ouNmxeFb5CQ_5Hd2J9uN0,3ouNmxeFb5CQ_5Hd2J9uMI
1gC2lqngj8hQ9OgWx$76Mg,1_bgsf_bP5g97UQjHnvxve,3ouNmxeFb5CQ_5Hd2J9uMq,1_bgsf_bP5g97UQjHnvxvo,1gC2lqngj8hQ9OgWx$76HD,1_bgsf_bP5g97UQjHnvxvK,1gC2lqngj8hQ9OgWx$76MZ,3ouNmxeFb5CQ_5Hd2J9uN0,3ouNmxeFb5CQ_5Hd2J9uM_,3ouNmxeFb5CQ_5Hd2J9uMO,3ouNmxeFb5CQ_5Hd2J9uMI
1gC2lqngj8hQ9OgWx$76NT,1gC2lqngj8hQ9OgWx$76HD,3ouNmxeFb5CQ_5Hd2J9uMx,1_bgsf_bP5g97UQjHnvxvK,1_bgsf_bP5g97UQjHnvxuW,1gC2lqngj8hQ9OgWx$76Hm,3ouNmxeFb5CQ_5Hd2J9uMI,3ouNmxeFb5CQ_5Hd2J9uI2,3ouNmxeFb5CQ_5Hd2J9u1q,1gC2lqngj8hQ9OgWx$76N4,1_bgsf_bP5g97UQjHnvxvP
1gC2lqngj8hQ9OgWx$76N4,3ouNmxeFb5CQ_5Hd2J9uMx,1_bgsf_bP5g97UQjHnvxur,3ouNmxeFb5CQ_5Hd2J9u1q,3ouNmxeFb5CQ_5Hd2J9uMn,1gC2lqngj8hQ9OgWx$76HD,1_bgsf_bP5g97UQjHnvxvK,1gC2lqngj8hQ9OgWx$76NF,3ouNmxeFb5CQ_5Hd2J9uN0,3ouNmxeFb5CQ_5Hd2J9uMI,1gC2lqngj8hQ9OgWx$76NT,1_bgsf_bP5g97UQjHnvxvP
1gC2lqngj8hQ9OgWx$76NF,3ouNmxeFb5CQ_5Hd2J9uMX,1_bgsf_bP5g97UQjHnvxur,3ouNmxeFb5CQ_5Hd2J9uMn,1gC2lqngj8hQ9OgWx$76HD,1gC2lqngj8hQ9OgWx$76Ns,1_bgsf_bP5g97UQjHnvxvK,3ouNmxeFb5CQ_5Hd2J9uN0,3ouNmxeFb5CQ_5Hd2J9uMo,3ouNmxeFb5CQ_5Hd2J9uMO,3ouNmxeFb5CQ_5Hd2J9uMI,1gC2lqngj8hQ9OgWx$76N4,1_bgsf_bP5g97UQjHnvxvP
1gC2lqngj8hQ9OgWx$76Ns,1gC2lqngj8hQ9OgWx$76HD,3ouNmxeFb5CQ_5Hd2J9uMX,1gC2lqngj8hQ9OgWx$76HM,3ouNmxeFb5CQ_5Hd2J9uMo,1_bgsf_bP5g97UQjHnvxur,1gC2lqngj8hQ9OgWx$76NF,3ouNmxeFb5CQ_5Hd2J9uMO,3ouNmxeFb5CQ_5Hd2J9uMI
1gC2lqngj8hQ9OgWx$76HM,1gC2lqngj8hQ9OgWx$76HD,1gC2lqngj8hQ9OgWx$76Ns,1gC2lqngj8hQ9OgWx$76HP,1_bgsf_bP5g97UQjHnvxvK,1_bgsf_bP5g97UQjHnvxur
1gC2lqngj8hQ9OgWx$76HP,1gC2lqngj8hQ9OgWx$76HD,1_bgsf_bP5g97UQjHnvxvK,1gC2lqngj8hQ9OgWx$76HM
1gC2lqngj8hQ9OgWx$76HD,1_bgsf_bP5g97UQjHnvxve,3ouNmxeFb5CQ_5Hd2J9uMq,3ouNmxeFb5CQ_5Hd2J9uMx,1_bgsf_bP5g97UQjHnvxvF,1gC2lqngj8hQ9OgWx$76MZ,3ouNmxeFb5CQ_5Hd2J9uJE,3ouNmxeFb5CQ_5Hd2J9uHx,3ouNmxeFb5CQ_5Hd2J9u1q,3ouNmxeFb5CQ_5Hd2J9uJG,1_bgsf_bP5g97UQjHnvxvK,1_bgsf_bP5g97UQjHnvxuW,3ouNmxeFb5CQ_5Hd2J9uN0,1gC2lqngj8hQ9OgWx$76Ns,1gC2lqngj8hQ9OgWx$76HP,1gC2lqngj8hQ9OgWx$76Hm,3ouNmxeFb5CQ_5Hd2J9uMo,1gC2lqngj8hQ9OgWx$76N4,3ouNmxeFb5CQ_5Hd2J9uMI,1_bgsf_bP5g97UQjHnvxvo,1gC2lqngj8hQ9OgWx$76Ht,3ouNmxeFb5CQ_5Hd2J9uMX,1_bgsf_bP5g97UQjHnvxur,3ouNmxeFb5CQ_5Hd2J9uM_,3ouNmxeFb5CQ_5Hd2J9uI2,3ouNmxeFb5CQ_5Hd2J9uNA,3ouNmxeFb5CQ_5Hd2J9uKM,3ouNmxeFb5CQ_5Hd2J9uMn,1gC2lqngj8hQ9OgWx$76Mg,1gC2lqngj8hQ9OgWx$76HM,1gC2lqngj8hQ9OgWx$76NF,3ouNmxeFb5CQ_5Hd2J9uMO,1gC2lqngj8hQ9OgWx$76NT,1_bgsf_bP5g97UQjHnvxvP
1gC2lqngj8hQ9OgWx$76Ht,1_bgsf_bP5g97UQjHnvxvo,1gC2lqngj8hQ9OgWx$76HD,1_bgsf_bP5g97UQjHnvxvF,1_bgsf_bP5g97UQjHnvxvK,1gC2lqngj8hQ9OgWx$76MZ,3ouNmxeFb5CQ_5Hd2J9uMI,3ouNmxeFb5CQ_5Hd2J9uHx,3ouNmxeFb5CQ_5Hd2J9uNA
1gC2lqngj8hQ9OgWx$76Hm,1gC2lqngj8hQ9OgWx$76HD,1_bgsf_bP5g97UQjHnvxuW,1_bgsf_bP5g97UQjHnvxvK,3ouNmxeFb5CQ_5Hd2J9uMI,3ouNmxeFb5CQ_5Hd2J9uI2,3ouNmxeFb5CQ_5Hd2J9u1q,1gC2lqngj8hQ9OgWx$76NT,1_bgsf_bP5g97UQjHnvxvP
3ouNmxeFb5CQ_5Hd2J9u2L,1gC2lqngj8hQ9OgWx$762C,3ouNmxeFb5CQ_5Hd2J9uHX,1y$B4Uq994ePTP2tD$diI2,1y$B4Uq994ePTP2tD$diJx,1y$B4Uq994ePTP2tD$diJu,2IRRGeGVD4mwnjuD6RcmSq,2IRRGeGVD4mwnjuD6Rcm2D,1gC2lqngj8hQ9OgWx$76M_,2IRRGeGVD4mwnjuD6Rcm0v
3ouNmxeFb5CQ_5Hd2J9u2C,2IRRGeGVD4mwnjuD6Rcm6i,1gC2lqngj8hQ9OgWx$76Mm,2IRRGeGVD4mwnjuD6Rcm6b,3ouNmxeFb5CQ_5Hd2J9uHX,3ouNmxeFb5CQ_5Hd2J9u27,2IRRGeGVD4mwnjuD6Rcm2D,1gC2lqngj8hQ9OgWx$76M_,2IRRGeGVD4mwnjuD6Rcm0v
3ouNmxeFb5CQ_5Hd2J9u27,3ouNmxeFb5CQ_5Hd2J9u1_,1gC2lqngj8hQ9OgWx$76Mm,3ouNmxeFb5CQ_5Hd2J9u2C,2IRRGeGVD4mwnjuD6Rcm6b,3ouNmxeFb5CQ_5Hd2J9uHX,2IRRGeGVD4mwnjuD6Rcm6i,2IRRGeGVD4mwnjuD6Rcm6N,2IRRGeGVD4mwnjuD6Rcm0v
3ouNmxeFb5CQ_5Hd2J9u1_,1gC2lqngj8hQ9OgWx$76Mm,2IRRGeGVD4mwnjuD6Rcm6i,2IRRGeGVD4mwnjuD6Rcm3R,3ouNmxeFb5CQ_5Hd2J9uHX,3ouNmxeFb5CQ_5Hd2J9u27,2IRRGeGVD4mwnjuD6Rcm6N,1gC2lqngj8hQ9OgWx$76M_,2IRRGeGVD4mwnjuD6Rcm0v
3ouNmxeFb5CQ_5Hd2J9u1q,2IRRGeGVD4mwnjuD6Rcm5Q,3ouNmxeFb5CQ_5Hd2J9uMx,2IRRGeGVD4mwnjuD6Rcm6U,3ouNmxeFb5CQ_5Hd2J9uI2,2IRRGeGVD4mwnjuD6Rcm3R,1gC2lqngj8hQ9OgWx$76HD,1Qfe3f5n95yfrQ8nllTWQb,1gC2lqngj8hQ9OgWx$76Hm,3ouNmxeFb5CQ_5Hd2J9uMI,2IRRGeGVD4mwnjuD6Rcm0p,1gC2lqngj8hQ9OgWx$76NT,1gC2lqngj8hQ9OgWx$76N4
3ouNmxeFb5CQ_5Hd2J9uNA,2IRRGeGVD4mwnjuD6Rcm3R,1gC2lqngj8hQ9OgWx$76HD,1gC2lqngj8hQ9OgWx$76Ht,1gC2lqngj8hQ9OgWx$76MZ,3ouNmxeFb5CQ_5Hd2J9uM_,3ouNmxeFb5CQ_5Hd2J9uMI,3ouNmxeFb5CQ_5Hd2J9uHx,2IRRGeGVD4mwnjuD6Rcm5e,2IRRGeGVD4mwnjuD6Rcm5K,3I4pmWbmP5j9qN39_QZekP
3ouNmxeFb5CQ_5Hd2J9uN0,1gC2lqngj8hQ9OgWx$76HD,1gC2lqngj8hQ9OgWx$76Mg,1gC2lqngj8hQ9OgWx$76MZ,1gC2lqngj8hQ9OgWx$76NF,3ouNmxeFb5CQ_5Hd2J9uMI,1gC2lqngj8hQ9OgWx$76N4
3ouNmxeFb5CQ_5Hd2J9uM_,3ouNmxeFb5CQ_5Hd2J9uMq,2IRRGeGVD4mwnjuD6Rcm50,1gC2lqngj8hQ9OgWx$76HD,2IRRGeGVD4mwnjuD6Rcm3R,1gC2lqngj8hQ9OgWx$76Mg,1gC2lqngj8hQ9OgWx$76MZ,3ouNmxeFb5CQ_5Hd2J9uMI,2IRRGeGVD4mwnjuD6Rcm5e,2IRRGeGVD4mwnjuD6Rcm5K,3ouNmxeFb5CQ_5Hd2J9uNA
3ouNmxeFb5CQ_5Hd2J9uMx,3ouNmxeFb5CQ_5Hd2J9uMn,1gC2lqngj8hQ9OgWx$76HD,2IRRGeGVD4mwnjuD6Rcm56,2IRRGeGVD4mwnjuD6Rcm6U,3ouNmxeFb5CQ_5Hd2J9uMI,3ouNmxeFb5CQ_5Hd2J9u1q,1gC2lqngj8hQ9OgWx$76NT,1gC2lqngj8hQ9OgWx$76N4,2IRRGeGVD4mwnjuD6Rcm5Q
3ouNmxeFb5CQ_5Hd2J9uMq,2IRRGeGVD4mwnjuD6Rcm50,1gC2lqngj8hQ9OgWx$76HD,2IRRGeGVD4mwnjuD6Rcm5C,1gC2lqngj8hQ9OgWx$76Mg,3ouNmxeFb5CQ_5Hd2J9uM_,2IRRGeGVD4mwnjuD6Rcm3R,3ouNmxeFb5CQ_5Hd2J9uMI,3ouNmxeFb5CQ_5Hd2J9uKM
3ouNmxeFb5CQ_5Hd2J9uMn,1gC2lqngj8hQ9OgWx$76HD,3ouNmxeFb5CQ_5Hd2J9uMx,2IRRGeGVD4mwnjuD6Rcm56,3ouNmxeFb5CQ_5Hd2J9uMo,1gC2lqngj8hQ9OgWx$76NF,3ouNmxeFb5CQ_5Hd2J9uMI,1gC2lqngj8hQ9OgWx$76N4,2IRRGeGVD4mwnjuD6Rcm5Q,2IRRGeGVD4mwnjuD6Rcm4W
3ouNmxeFb5CQ_5Hd2J9uMo,3ouNmxeFb5CQ_5Hd2J9uMn,1gC2lqngj8hQ9OgWx$76HD,3ouNmxeFb5CQ_5Hd2J9uMX,2IRRGeGVD4mwnjuD6Rcm56,1gC2lqngj8hQ9OgWx$76Ns,1gC2lqngj8hQ9OgWx$76NF,3ouNmxeFb5CQ_5Hd2J9uMI,2IRRGeGVD4mwnjuD6Rcm3g,2IRRGeGVD4mwnjuD6Rcm4W
3ouNmxeFb5CQ_5Hd2J9uMX,3ouNmxeFb5CQ_5Hd2J9uJE,2IRRGeGVD4mwnjuD6Rcm3g,2IRRGeGVD4mwnjuD6Rcm3G,2IRRGeGVD4mwnjuD6Rcm3R,1gC2lqngj8hQ9OgWx$76HD,3ouNmxeFb5CQ_5Hd2J9uMo,3ouNmxeFb5CQ_5Hd2J9uMO,1gC2lqngj8hQ9OgWx$76Ns,1gC2lqngj8hQ9OgWx$76NF,3ouNmxeFb5CQ_5Hd2J9uMI,2IRRGeGVD4mwnjuD6Rcm4W
3ouNmxeFb5CQ_5Hd2J9uMO,1gC2lqngj8hQ9OgWx$76HD,3ouNmxeFb5CQ_5Hd2J9uMX,1gC2lqngj8hQ9OgWx$76Mg,1gC2lqngj8hQ9OgWx$76Ns,1gC2lqngj8hQ9OgWx$76NF,3ouNmxeFb5CQ_5Hd2J9uMI,3ouNmxeFb5CQ_5Hd2J9uJE
3ouNmxeFb5CQ_5Hd2J9uMI,3ouNmxeFb5CQ_5Hd2J9uMq,3ouNmxeFb5CQ_5Hd2J9uMx,2IRRGeGVD4mwnjuD6Rcm56,3ouNmxeFb5CQ_5Hd2J9uJE,1gC2lqngj8hQ9OgWx$76MZ,3ouNmxeFb5CQ_5Hd2J9uHx,2IRRGeGVD4mwnjuD6Rcm6U,3ouNmxeFb5CQ_5Hd2J9u1q,3ouNmxeFb5CQ_5Hd2J9uJG,1gC2lqngj8hQ9OgWx$76Ns,1gC2lqngj8hQ9OgWx$76Hm,3ouNmxeFb5CQ_5Hd2J9uN0,3ouNmxeFb5CQ_5Hd2J9uMo,2IRRGeGVD4mwnjuD6Rcm5k,3I4pmWbmP5j9qN39_QZekP,1gC2lqngj8hQ9OgWx$76N4,2IRRGeGVD4mwnjuD6Rcm5Q,2IRRGeGVD4mwnjuD6Rcm0p,2IRRGeGVD4mwnjuD6Rcm50,1gC2lqngj8hQ9OgWx$76Ht,3ouNmxeFb5CQ_5Hd2J9uMX,2IRRGeGVD4mwnjuD6Rcm5C,3ouNmxeFb5CQ_5Hd2J9uM_,3ouNmxeFb5CQ_5Hd2J9uHX,3ouNmxeFb5CQ_5Hd2J9uI2,2IRRGeGVD4mwnjuD6Rcm3g,3ouNmxeFb5CQ_5Hd2J9uNA,3ouNmxeFb5CQ_5Hd2J9uKM,3ouNmxeFb5CQ_5Hd2J9uMn,2IRRGeGVD4mwnjuD6Rcm4s,1gC2lqngj8hQ9OgWx$76HD,2IRRGeGVD4mwnjuD6Rcm3R,1gC2lqngj8hQ9OgWx$76Mg,3ouNmxeFb5CQ_5Hd2J9uMO,1gC2lqngj8hQ9OgWx$76NF,1Qfe3f5n95yfrQ8nllTWQb,2IRRGeGVD4mwnjuD6Rcm5e,2IRRGeGVD4mwnjuD6Rcm5K,1gC2lqngj8hQ9OgWx$76NT,2IRRGeGVD4mwnjuD6Rcm4W
3ouNmxeFb5CQ_5Hd2J9uKM,3ouNmxeFb5CQ_5Hd2J9uMq,2IRRGeGVD4mwnjuD6Rcm4c,1gC2lqngj8hQ9OgWx$76HD,2IRRGeGVD4mwnjuD6Rcm5C,2IRRGeGVD4mwnjuD6Rcm3R,3ouNmxeFb5CQ_5Hd2J9uMI,2IRRGeGVD4mwnjuD6Rcm3W,3ouNmxeFb5CQ_5Hd2J9uJG
3ouNmxeFb5CQ_5Hd2J9uJG,3ouNmxeFb5CQ_5Hd2J9uMI,1gC2lqngj8hQ9OgWx$76HD,3ouNmxeFb5CQ_5Hd2J9uJE,3ouNmxeFb5CQ_5Hd2J9uKM
3ouNmxeFb5CQ_5Hd2J9uJE,1gC2lqngj8hQ9OgWx$76HD,3ouNmxeFb5CQ_5Hd2J9uMX,3ouNmxeFb5CQ_5Hd2J9uMO,3ouNmxeFb5CQ_5Hd2J9uMI,3ouNmxeFb5CQ_5Hd2J9uJG
3ouNmxeFb5CQ_5Hd2J9uI2,2IRRGeGVD4mwnjuD6Rcm3R,1gC2lqngj8hQ9OgWx$76HD,1Qfe3f5n95yfrQ8nllTWQb,1gC2lqngj8hQ9OgWx$76Hm,2IRRGeGVD4mwnjuD6Rcm6U,3ouNmxeFb5CQ_5Hd2J9uMI,3ouNmxeFb5CQ_5Hd2J9u1q,1gC2lqngj8hQ9OgWx$76NT,2IRRGeGVD4mwnjuD6Rcm0p
3ouNmxeFb5CQ_5Hd2J9uHx,1gC2lqngj8hQ9OgWx$76HD,1gC2lqngj8hQ9OgWx$76Ht,1gC2lqngj8hQ9OgWx$76MZ,3ouNmxeFb5CQ_5Hd2J9uMI,3ouNmxeFb5CQ_5Hd2J9uNA
3ouNmxeFb5CQ_5Hd2J9uHX,2IRRGeGVD4mwnjuD6Rcm6i,3ouNmxeFb5CQ_5Hd2J9u2C,2IRRGeGVD4mwnjuD6Rcm6b,3ouNmxeFb5CQ_5Hd2J9u27,2IRRGeGVD4mwnjuD6Rcm6N,1gC2lqngj8hQ9OgWx$76M_,3ouNmxeFb5CQ_5Hd2J9u2L,1gC2lqngj8hQ9OgWx$762C,1gC2lqngj8hQ9OgWx$76Mm,3ouNmxeFb5CQ_5Hd2J9u1_,3ouNmxeFb5CQ_5Hd2J9uTZ,2IRRGeGVD4mwnjuD6Rcm3R,2IRRGeGVD4mwnjuD6RcmSq,3ouNmxeFb5CQ_5Hd2J9uMI,2IRRGeGVD4mwnjuD6Rcm2D,2IRRGeGVD4mwnjuD6Rcm0v
3ouNmxeFb5CQ_5Hd2J9uHU,1gC2lqngj8hQ9OgWx$76Sc,1gC2lqngj8hQ9OgWx$76Sf,3ouNmxeFb5CQ_5Hd2J9uTZ,3ouNmxeFb5CQ_5Hd2J9uU$,1gC2lqngj8hQ9OgWx$76TN,1gC2lqngj8hQ9OgWx$76S$,3ouNmxeFb5CQ_5Hd2J9uUu
3ouNmxeFb5CQ_5Hd2J9uHH,1gC2lqngj8hQ9OgWx$76Sc,3ouNmxeFb5CQ_5Hd2J9uTZ,2IRRGeGVD4mwnjuD6Rcm6$,3ouNmxeFb5CQ_5Hd2J9uHF,2IRRGeGVD4mwnjuD6Rcm77
3ouNmxeFb5CQ_5Hd2J9uHI,2IRRGeGVD4mwnjuD6Rcm6v,3ouNmxeFb5CQ_5Hd2J9uUp,1gC2lqngj8hQ9OgWx$76Sf,3ouNmxeFb5CQ_5Hd2J9uTZ,2IRRGeGVD4mwnjuD6Rcm2D,1gC2lqngj8hQ9OgWx$76TN,3ouNmxeFb5CQ_5Hd2J9uVB,2IRRGeGVD4mwnjuD6Rcm7D,2IRRGeGVD4mwnjuD6RcmRv
3ouNmxeFb5CQ_5Hd2J9uHF,1gC2lqngj8hQ9OgWx$76Sc,3ouNmxeFb5CQ_5Hd2J9uV4,3ouNmxeFb5CQ_5Hd2J9uTZ,3ouNmxeFb5CQ_5Hd2J9uHH,2IRRGeGVD4mwnjuD6RcmOJ,1gC2lqngj8hQ9OgWx$76S$,2IRRGeGVD4mwnjuD6Rcm6$,2IRRGeGVD4mwnjuD6Rcm77
3ouNmxeFb5CQ_5Hd2J9uVB,1gC2lqngj8hQ9OgWx$76Sf,3ouNmxeFb5CQ_5Hd2J9uV1,3ouNmxeFb5CQ_5Hd2J9uTZ,2IRRGeGVD4mwnjuD6RcmRq,1gC2lqngj8hQ9OgWx$76SB,2IRRGeGVD4mwnjuD6Rcm2D,3ouNmxeFb5CQ_5Hd2J9uHI,2IRRGeGVD4mwnjuD6Rcm7D,2IRRGeGVD4mwnjuD6RcmRv
3ouNmxeFb5CQ_5Hd2J9uV4,3ouNmxeFb5CQ_5Hd2J9uTZ,2IRRGeGVD4mwnjuD6RcmOJ,1gC2lqngj8hQ9OgWx$76S$,3ouNmxeFb5CQ_5Hd2J9uV2,1gC2lqngj8hQ9OgWx$76Sn,3ouNmxeFb5CQ_5Hd2J9uHF,2IRRGeGVD4mwnjuD6RcmOY,2IRRGeGVD4mwnjuD6Rcm77
3ouNmxeFb5CQ_5Hd2J9uV1,3ouNmxeFb5CQ_5Hd2J9uTZ,3ouNmxeFb5CQ_5Hd2J9uT$,2IRRGeGVD4mwnjuD6RcmRq,1gC2lqngj8hQ9OgWx$76SB,2IRRGeGVD4mwnjuD6RcmSg,3ouNmxeFb5CQ_5Hd2J9uVB,2IRRGeGVD4mwnjuD6RcmRv
3ouNmxeFb5CQ_5Hd2J9uV2,3ouNmxeFb5CQ_5Hd2J9uV4,3ouNmxeFb5CQ_5Hd2J9uTZ,2IRRGeGVD4mwnjuD6RcmOJ,2IRRGeGVD4mwnjuD6RcmOY,1gC2lqngj8hQ9OgWx$76Sn,3ouNmxeFb5CQ_5Hd2J9uTr
3ouNmxeFb5CQ_5Hd2J9uU$,1gC2lqngj8hQ9OgWx$76Sf,3ouNmxeFb5CQ_5Hd2J9uTZ,1gC2lqngj8hQ9OgWx$76SB,3ouNmxeFb5CQ_5Hd2J9uHU,1gC2lqngj8hQ9OgWx$76S$
3ouNmxeFb5CQ_5Hd2J9uUu,3ouNmxeFb5CQ_5Hd2J9uUp,3ouNmxeFb5CQ_5Hd2J9uTZ,3ouNmxeFb5CQ_5Hd2J9uHU,1gC2lqngj8hQ9OgWx$76TN,1gC2lqngj8hQ9OgWx$76T0
3ouNmxeFb5CQ_5Hd2J9uUp,2IRRGeGVD4mwnjuD6Rcm6v,3ouNmxeFb5CQ_5Hd2J9uTZ,2IRRGeGVD4mwnjuD6Rcm1E,2IRRGeGVD4mwnjuD6Rcm2D,1gC2lqngj8hQ9OgWx$76TN,1gC2lqngj8hQ9OgWx$76T0,3ouNmxeFb5CQ_5Hd2J9uHI,3ouNmxeFb5CQ_5Hd2J9uUu,2IRRGeGVD4mwnjuD6Rcm7D
3ouNmxeFb5CQ_5Hd2J9uT$,1gC2lqngj8hQ9OgWx$76SB,3ouNmxeFb5CQ_5Hd2J9uTr,3ouNmxeFb5CQ_5Hd2J9uV1,3ouNmxeFb5CQ_5Hd2J9uTZ
3ouNmxeFb5CQ_5Hd2J9uTr,3ouNmxeFb5CQ_5Hd2J9uTZ,3ouNmxeFb5CQ_5Hd2J9uT$,1gC2lqngj8hQ9OgWx$76SB,2IRRGeGVD4mwnjuD6RcmSg,3ouNmxeFb5CQ_5Hd2J9uV2,2IRRGeGVD4mwnjuD6RcmSG,2IRRGeGVD4mwnjuD6RcmOY,355mP_2$X41gnHJaKedguZ
3ouNmxeFb5CQ_5Hd2J9uTi,1gC2lqngj8hQ9OgWx$76Sc,3ouNmxeFb5CQ_5Hd2J9uTZ,1gC2lqngj8hQ9OgWx$76TA,2IRRGeGVD4mwnjuD6Rcm2D,2IRRGeGVD4mwnjuD6Rcm18,2IRRGeGVD4mwnjuD6Rcm6$
3ouNmxeFb5CQ_5Hd2J9uTZ,2IRRGeGVD4mwnjuD6Rcm6v,3ouNmxeFb5CQ_5Hd2J9uUp,2IRRGeGVD4mwnjuD6RcmSg,3ouNmxeFb5CQ_5Hd2J9uV2,2IRRGeGVD4mwnjuD6RcmOY,3ouNmxeFb5CQ_5Hd2J9uTr,355mP_2$X41gnHJaKedguZ,1gC2lqngj8hQ9OgWx$76Sc,3ouNmxeFb5CQ_5Hd2J9uV4,2IRRGeGVD4mwnjuD6RcmRq,2IRRGeGVD4mwnjuD6RcmOj,1gC2lqngj8hQ9OgWx$76SB,2IRRGeGVD4mwnjuD6Rcm1E,1gC2lqngj8hQ9OgWx$76S$,3ouNmxeFb5CQ_5Hd2J9uHI,2IRRGeGVD4mwnjuD6Rcm6$,2IRRGeGVD4mwnjuD6RcmRv,2IRRGeGVD4mwnjuD6Rcm77,3ouNmxeFb5CQ_5Hd2J9uTi,2IRRGeGVD4mwnjuD6Rcm6p,1gC2lqngj8hQ9OgWx$76Sf,3ouNmxeFb5CQ_5Hd2J9uV1,1gC2lqngj8hQ9OgWx$76TA,3ouNmxeFb5CQ_5Hd2J9uHX,3ouNmxeFb5CQ_5Hd2J9uU$,1gC2lqngj8hQ9OgWx$76TN,3ouNmxeFb5CQ_5Hd2J9uT$,2IRRGeGVD4mwnjuD6RcmSG,3ouNmxeFb5CQ_5Hd2J9uHF,3ouNmxeFb5CQ_5Hd2J9uHH,3ouNmxeFb5CQ_5Hd2J9uHU,2IRRGeGVD4mwnjuD6RcmOJ,2IRRGeGVD4mwnjuD6Rcm2D,3ouNmxeFb5CQ_5Hd2J9uVB,1gC2lqngj8hQ9OgWx$76T0,3ouNmxeFb5CQ_5Hd2J9uUu,2IRRGeGVD4mwnjuD6Rcm7D,2IRRGeGVD4mwnjuD6Rcm18,2IRRGeGVD4mwnjuD6Rcm1D
2IRRGeGVD4mwnjuD6RcmSq,3ouNmxeFb5CQ_5Hd2J9u2L,3ouNmxeFb5CQ_5Hd2J9uHX,1y$B4Uq994ePTP2tD$diI2,1y$B4Uq994ePTP2tD$diJx,1y$B4Uq994ePTP2tD$diJu,2IRRGeGVD4mwnjuD6Rcm2D,3I4pmWbmP5j9qN39_QZe7s,1NQaYx$l9Fxwk17bLoURsS,2IRRGeGVD4mwnjuD6Rcm0v
2IRRGeGVD4mwnjuD6RcmSg,3ouNmxeFb5CQ_5Hd2J9uTZ,3ouNmxeFb5CQ_5Hd2J9uV1,2IRRGeGVD4mwnjuD6RcmRq,2IRRGeGVD4mwnjuD6Rcm2D,2IRRGeGVD4mwnjuD6RcmSG,355mP_2$X41gnHJaKedguZ,3ouNmxeFb5CQ_5Hd2J9uTr
2IRRGeGVD4mwnjuD6RcmSG,3ouNmxeFb5CQ_5Hd2J9uTZ,2IRRGeGVD4mwnjuD6Rcm2D,2IRRGeGVD4mwnjuD6RcmSg,2IRRGeGVD4mwnjuD6RcmOY,3ouNmxeFb5CQ_5Hd2J9uTr,355mP_2$X41gnHJaKedguZ
2IRRGeGVD4mwnjuD6RcmRq,1NQaYx$l9Fxwk17bLoUQBx,3ouNmxeFb5CQ_5Hd2J9uTZ,3ouNmxeFb5CQ_5Hd2J9uV1,2IRRGeGVD4mwnjuD6Rcm2D,1NQaYx$l9Fxwk17bLoUQBl,2IRRGeGVD4mwnjuD6RcmSg,3ouNmxeFb5CQ_5Hd2J9uVB,2IRRGeGVD4mwnjuD6RcmRv,1NQaYx$l9Fxwk17bLoUQBa,1NQaYx$l9Fxwk17bLoURsR
2IRRGeGVD4mwnjuD6RcmRv,1NQaYx$l9Fxwk17bLoUQBx,3ouNmxeFb5CQ_5Hd2J9uTZ,3ouNmxeFb5CQ_5Hd2J9uV1,2IRRGeGVD4mwnjuD6RcmRq,2IRRGeGVD4mwnjuD6Rcm2D,3ouNmxeFb5CQ_5Hd2J9uVB,3ouNmxeFb5CQ_5Hd2J9uHI,2IRRGeGVD4mwnjuD6Rcm7D,1NQaYx$l9Fxwk17bLoUQBa,1NQaYx$l9Fxwk17bLoURsR
2IRRGeGVD4mwnjuD6RcmOY,1NQaYx$l9Fxwk17bLoUQB8,2IRRGeGVD4mwnjuD6RcmSG,3ouNmxeFb5CQ_5Hd2J9uV2,3ouNmxeFb5CQ_5Hd2J9uTr,1NQaYx$l9Fxwk17bLoUQBr,1NQaYx$l9Fxwk17bLoURsR,3ouNmxeFb5CQ_5Hd2J9uV4,3ouNmxeFb5CQ_5Hd2J9uTZ,2IRRGeGVD4mwnjuD6RcmOJ,2IRRGeGVD4mwnjuD6Rcm2D,1NQaYx$l9Fxwk17bLoUQBg,1NQaYx$l9Fxwk17bLoUQB1
2IRRGeGVD4mwnjuD6RcmOj,2IRRGeGVD4mwnjuD6Rcm2D,2IRRGeGVD4mwnjuD6Rcm6v,3ouNmxeFb5CQ_5Hd2J9uTZ,2IRRGeGVD4mwnjuD6Rcm6p
2IRRGeGVD4mwnjuD6RcmOJ,1NQaYx$l9Fxwk17bLoURsR,3ouNmxeFb5CQ_5Hd2J9uV4,3ouNmxeFb5CQ_5Hd2J9uTZ,2IRRGeGVD4mwnjuD6Rcm2D,3ouNmxeFb5CQ_5Hd2J9uV2,2IRRGeGVD4mwnjuD6RcmOY,3ouNmxeFb5CQ_5Hd2J9uHF,2IRRGeGVD4mwnjuD6Rcm77,1NQaYx$l9Fxwk17bLoUQB1,1NQaYx$l9Fxwk17bLoUQBr
2IRRGeGVD4mwnjuD6Rcm77,1NQaYx$l9Fxwk17bLoUQ8N,3ouNmxeFb5CQ_5Hd2J9uV4,3ouNmxeFb5CQ_5Hd2J9uTZ,2IRRGeGVD4mwnjuD6RcmOJ,3ouNmxeFb5CQ_5Hd2J9uHH,2IRRGeGVD4mwnjuD6Rcm2D,2IRRGeGVD4mwnjuD6Rcm6$,3ouNmxeFb5CQ_5Hd2J9uHF,1NQaYx$l9Fxwk17bLoUQBr,1NQaYx$l9Fxwk17bLoURsR
2IRRGeGVD4mwnjuD6Rcm7D,2IRRGeGVD4mwnjuD6Rcm6v,3ouNmxeFb5CQ_5Hd2J9uUp,3ouNmxeFb5CQ_5Hd2J9uTZ,1NQaYx$l9Fxwk17bLoUQ8H,2IRRGeGVD4mwnjuD6Rcm2D,3ouNmxeFb5CQ_5Hd2J9uVB,3ouNmxeFb5CQ_5Hd2J9uHI,2IRRGeGVD4mwnjuD6RcmRv,1NQaYx$l9Fxwk17bLoUQBa,1NQaYx$l9Fxwk17bLoURsR
2IRRGeGVD4mwnjuD6Rcm6p,2IRRGeGVD4mwnjuD6Rcm2D,2IRRGeGVD4mwnjuD6Rcm6$,3ouNmxeFb5CQ_5Hd2J9uTZ,2IRRGeGVD4mwnjuD6RcmOj
2IRRGeGVD4mwnjuD6Rcm6v,3ouNmxeFb5CQ_5Hd2J9uUp,1NQaYx$l9Fxwk17bLoURsR,1NQaYx$l9Fxwk17bLoUQ8T,3ouNmxeFb5CQ_5Hd2J9uTZ,2IRRGeGVD4mwnjuD6Rcm1E,2IRRGeGVD4mwnjuD6RcmOj,2IRRGeGVD4mwnjuD6Rcm2D,1NQaYx$l9Fxwk17bLoUQ8H,1NQaYx$l9Fxwk17bLoURsZ,2IRRGeGVD4mwnjuD6Rcm1D,3ouNmxeFb5CQ_5Hd2J9uHI,2IRRGeGVD4mwnjuD6Rcm7D
2IRRGeGVD4mwnjuD6Rcm6$,1NQaYx$l9Fxwk17bLoUQ8N,2IRRGeGVD4mwnjuD6Rcm6p,1NQaYx$l9Fxwk17bLoURsS,3ouNmxeFb5CQ_5Hd2J9uHF,1NQaYx$l9Fxwk17bLoURsg,1NQaYx$l9Fxwk17bLoURsR,1NQaYx$l9Fxwk17bLoUQ8T,3ouNmxeFb5CQ_5Hd2J9uTZ,3ouNmxeFb5CQ_5Hd2J9uHH,2IRRGeGVD4mwnjuD6Rcm2D,2IRRGeGVD4mwnjuD6Rcm18,2IRRGeGVD4mwnjuD6Rcm77,3ouNmxeFb5CQ_5Hd2J9uTi
2IRRGeGVD4mwnjuD6Rcm6b,2IRRGeGVD4mwnjuD6Rcm6i,3ouNmxeFb5CQ_5Hd2J9u2C,1NQaYx$l9Fxwk17bLoUQ0I,3ouNmxeFb5CQ_5Hd2J9uHX,2IRRGeGVD4mwnjuD6Rcm2D,3ouNmxeFb5CQ_5Hd2J9u27,1NQaYx$l9Fxwk17bLoURsS,2IRRGeGVD4mwnjuD6Rcm0v
2IRRGeGVD4mwnjuD6Rcm6i,3ouNmxeFb5CQ_5Hd2J9u1_,3ouNmxeFb5CQ_5Hd2J9u2C,2IRRGeGVD4mwnjuD6Rcm6b,3ouNmxeFb5CQ_5Hd2J9uHX,3ouNmxeFb5CQ_5Hd2J9u27,1NQaYx$l9Fxwk17bLoUQ0I,2IRRGeGVD4mwnjuD6Rcm6N,2IRRGeGVD4mwnjuD6Rcm0v
2IRRGeGVD4mwnjuD6Rcm6N,3ouNmxeFb5CQ_5Hd2J9u1_,2IRRGeGVD4mwnjuD6Rcm6i,2IRRGeGVD4mwnjuD6Rcm3R,1NQaYx$l9Fxwk17bLoUQ0I,3ouNmxeFb5CQ_5Hd2J9uHX,3ouNmxeFb5CQ_5Hd2J9u27,1NQaYx$l9Fxwk17bLoURsS,1NQaYx$l9Fxwk17bLoUQ0B,2IRRGeGVD4mwnjuD6Rcm0v
2IRRGeGVD4mwnjuD6Rcm6U,3ouNmxeFb5CQ_5Hd2J9uMx,1NQaYx$l9Fxwk17bLoUQ0Z,3ouNmxeFb5CQ_5Hd2J9uI2,3ouNmxeFb5CQ_5Hd2J9u1q,2IRRGeGVD4mwnjuD6Rcm3R,1NQaYx$l9Fxwk17bLoURsf,1Qfe3f5n95yfrQ8nllTWQb,1NQaYx$l9Fxwk17bLoUR$2,3ouNmxeFb5CQ_5Hd2J9uMI,1NQaYx$l9Fxwk17bLoURvb,2IRRGeGVD4mwnjuD6Rcm5Q,2IRRGeGVD4mwnjuD6Rcm0p,1NQaYx$l9Fxwk17bLoUQ05
2IRRGeGVD4mwnjuD6Rcm5e,1NQaYx$l9Fxwk17bLoUQ0g,3ouNmxeFb5CQ_5Hd2J9uM_,1NQaYx$l9Fxwk17bLoURsS,1NQaYx$l9Fxwk17bLoURtU,3ouNmxeFb5CQ_5Hd2J9uNA,1NQaYx$l9Fxwk17bLoUQ0x,2IRRGeGVD4mwnjuD6Rcm3R,1NQaYx$l9Fxwk17bLoUR$8,1NQaYx$l9Fxwk17bLoUQ0m,3ouNmxeFb5CQ_5Hd2J9uMI,3I4pmWbmP5j9qN39_QZekP,2IRRGeGVD4mwnjuD6Rcm5K,1NQaYx$l9Fxwk17bLoURvb
2IRRGeGVD4mwnjuD6Rcm5k,3ouNmxeFb5CQ_5Hd2J9uMI,2IRRGeGVD4mwnjuD6Rcm4s,2IRRGeGVD4mwnjuD6Rcm3R
2IRRGeGVD4mwnjuD6Rcm5K,2IRRGeGVD4mwnjuD6Rcm50,2IRRGeGVD4mwnjuD6Rcm3R,1NQaYx$l9Fxwk17bLoUR$8,3ouNmxeFb5CQ_5Hd2J9uM_,3ouNmxeFb5CQ_5Hd2J9uMI,2IRRGeGVD4mwnjuD6Rcm5e,1NQaYx$l9Fxwk17bLoURvb,3ouNmxeFb5CQ_5Hd2J9uNA
2IRRGeGVD4mwnjuD6Rcm5Q,3ouNmxeFb5CQ_5Hd2J9uMn,2IRRGeGVD4mwnjuD6Rcm3R,3ouNmxeFb5CQ_5Hd2J9uMx,2IRRGeGVD4mwnjuD6Rcm56,2IRRGeGVD4mwnjuD6Rcm6U,1NQaYx$l9Fxwk17bLoUR$2,3ouNmxeFb5CQ_5Hd2J9uMI,1NQaYx$l9Fxwk17bLoURvb,3ouNmxeFb5CQ_5Hd2J9u1q
2IRRGeGVD4mwnjuD6Rcm50,3ouNmxeFb5CQ_5Hd2J9uMq,2IRRGeGVD4mwnjuD6Rcm5C,2IRRGeGVD4mwnjuD6Rcm3R,1NQaYx$l9Fxwk17bLoUR$8,3ouNmxeFb5CQ_5Hd2J9uM_,1NQaYx$l9Fxwk17bLoUR$r,3ouNmxeFb5CQ_5Hd2J9uMI,1NQaYx$l9Fxwk17bLoURvb,2IRRGeGVD4mwnjuD6Rcm5K
2IRRGeGVD4mwnjuD6Rcm56,3ouNmxeFb5CQ_5Hd2J9uMn,2IRRGeGVD4mwnjuD6Rcm3R,3ouNmxeFb5CQ_5Hd2J9uMx,3ouNmxeFb5CQ_5Hd2J9uMo,1NQaYx$l9Fxwk17bLoUR$2,3ouNmxeFb5CQ_5Hd2J9uMI,1NQaYx$l9Fxwk17bLoUR$l,1NQaYx$l9Fxwk17bLoURvb,2IRRGeGVD4mwnjuD6Rcm5Q,2IRRGeGVD4mwnjuD6Rcm4W
2IRRGeGVD4mwnjuD6Rcm5C,3ouNmxeFb5CQ_5Hd2J9uMq,2IRRGeGVD4mwnjuD6Rcm50,2IRRGeGVD4mwnjuD6Rcm3R,1NQaYx$l9Fxwk17bLoUR$r,3ouNmxeFb5CQ_5Hd2J9uMI,1NQaYx$l9Fxwk17bLoURvb,3ouNmxeFb5CQ_5Hd2J9uKM
2IRRGeGVD4mwnjuD6Rcm4s,3ouNmxeFb5CQ_5Hd2J9uMI,2IRRGeGVD4mwnjuD6Rcm5k,2IRRGeGVD4mwnjuD6Rcm3R
2IRRGeGVD4mwnjuD6Rcm4W,3ouNmxeFb5CQ_5Hd2J9uMn,2IRRGeGVD4mwnjuD6Rcm3R,3ouNmxeFb5CQ_5Hd2J9uMX,2IRRGeGVD4mwnjuD6Rcm56,3ouNmxeFb5CQ_5Hd2J9uMo,3ouNmxeFb5CQ_5Hd2J9uMI,2IRRGeGVD4mwnjuD6Rcm3g,1NQaYx$l9Fxwk17bLoUR$l,1NQaYx$l9Fxwk17bLoURvb,1NQaYx$l9Fxwk17bLoUR$Z
2IRRGeGVD4mwnjuD6Rcm4c,2IRRGeGVD4mwnjuD6Rcm3R,2IRRGeGVD4mwnjuD6Rcm3W,1NQaYx$l9Fxwk17bLoURvb,1NQaYx$l9Fxwk17bLoUR$f,1NQaYx$l9Fxwk17bLoURzZ,3ouNmxeFb5CQ_5Hd2J9uKM
2IRRGeGVD4mwnjuD6Rcm3W,2IRRGeGVD4mwnjuD6Rcm4c,2IRRGeGVD4mwnjuD6Rcm3G,2IRRGeGVD4mwnjuD6Rcm3R,3ouNmxeFb5CQ_5Hd2J9uKM
2IRRGeGVD4mwnjuD6Rcm3g,1NQaYx$l9Fxwk17bLoUR$y,1NQaYx$l9Fxwk17bLoURyT,2IRRGeGVD4mwnjuD6Rcm3R,3ouNmxeFb5CQ_5Hd2J9uMX,3ouNmxeFb5CQ_5Hd2J9uMo,3ouNmxeFb5CQ_5Hd2J9uMI,1NQaYx$l9Fxwk17bLoUR$l,1NQaYx$l9Fxwk17bLoURvb,2IRRGeGVD4mwnjuD6Rcm4W,1NQaYx$l9Fxwk17bLoUR$Z
2IRRGeGVD4mwnjuD6Rcm3G,2IRRGeGVD4mwnjuD6Rcm3W,3ouNmxeFb5CQ_5Hd2J9uMX,2IRRGeGVD4mwnjuD6Rcm3R
2IRRGeGVD4mwnjuD6Rcm3R,2IRRGeGVD4mwnjuD6Rcm4c,1NQaYx$l9Fxwk17bLoUQ0Z,2IRRGeGVD4mwnjuD6Rcm6N,3ouNmxeFb5CQ_5Hd2J9u1q,1NQaYx$l9Fxwk17bLoUQ0B,1NQaYx$l9Fxwk17bLoURtU,1NQaYx$l9Fxwk17bLoUR$y,1NQaYx$l9Fxwk17bLoURsf,1NQaYx$l9Fxwk17bLoUR$r,1NQaYx$l9Fxwk17bLoUR$Z,2IRRGeGVD4mwnjuD6Rcm50,3ouNmxeFb5CQ_5Hd2J9uMX,3ouNmxeFb5CQ_5Hd2J9uHX,1y$B4Uq994ePTP2tD$diJx,3ouNmxeFb5CQ_5Hd2J9uNA,1NQaYx$l9Fxwk17bLoUQ0x,3ouNmxeFb5CQ_5Hd2J9u1_,2IRRGeGVD4mwnjuD6Rcm4s,1Qfe3f5n95yfrQ8nllTWQb,1NQaYx$l9Fxwk17bLoUR$8,2IRRGeGVD4mwnjuD6Rcm5e,1NQaYx$l9Fxwk17bLoUR$l,2IRRGeGVD4mwnjuD6Rcm5K,1NQaYx$l9Fxwk17bLoUQ05,3ouNmxeFb5CQ_5Hd2J9uMq,2IRRGeGVD4mwnjuD6Rcm56,2IRRGeGVD4mwnjuD6Rcm6U,1y$B4Uq994ePTP2tD$diI2,2IRRGeGVD4mwnjuD6Rcm3G,1NQaYx$l9Fxwk17bLoURsS,1NQaYx$l9Fxwk17bLoURzZ,1y$B4Uq994ePTP2tD$diJu,3ouNmxeFb5CQ_5Hd2J9uMI,3I4pmWbmP5j9qN39_QZekP,1NQaYx$l9Fxwk17bLoUQ0m,2IRRGeGVD4mwnjuD6Rcm5k,1NQaYx$l9Fxwk17bLoUR$2,2IRRGeGVD4mwnjuD6Rcm5Q,2IRRGeGVD4mwnjuD6Rcm0p,1NQaYx$l9Fxwk17bLoUR$f,2IRRGeGVD4mwnjuD6Rcm5C,1NQaYx$l9Fxwk17bLoUQ0g,3ouNmxeFb5CQ_5Hd2J9uM_,3ouNmxeFb5CQ_5Hd2J9uI2,2IRRGeGVD4mwnjuD6Rcm3g,3ouNmxeFb5CQ_5Hd2J9uKM,1NQaYx$l9Fxwk17bLoURyT,2IRRGeGVD4mwnjuD6Rcm3W,1NQaYx$l9Fxwk17bLoURvb,2IRRGeGVD4mwnjuD6Rcm4W,2IRRGeGVD4mwnjuD6Rcm0v
2IRRGeGVD4mwnjuD6Rcm2D,1NQaYx$l9Fxwk17bLoUQ8N,2IRRGeGVD4mwnjuD6Rcm6v,3ouNmxeFb5CQ_5Hd2J9u2C,3ouNmxeFb5CQ_5Hd2J9uUp,2IRRGeGVD4mwnjuD6RcmSg,3I4pmWbmP5j9qN39_QZe7s,2IRRGeGVD4mwnjuD6RcmOY,1NQaYx$l9Fxwk17bLoURsS,1NQaYx$l9Fxwk17bLoUQBa,355mP_2$X41gnHJaKedguZ,3ouNmxeFb5CQ_5Hd2J9u2L,3ouNmxeFb5CQ_5Hd2J9uTZ,2IRRGeGVD4mwnjuD6Rcm1E,2IRRGeGVD4mwnjuD6RcmRq,2IRRGeGVD4mwnjuD6RcmSq,2IRRGeGVD4mwnjuD6RcmOj,1NQaYx$l9Fxwk17bLoUQBg,1NQaYx$l9Fxwk17bLoURsZ,2IRRGeGVD4mwnjuD6Rcm6$,3ouNmxeFb5CQ_5Hd2J9uHI,2IRRGeGVD4mwnjuD6RcmRv,2IRRGeGVD4mwnjuD6Rcm77,2IRRGeGVD4mwnjuD6Rcm6p,3ouNmxeFb5CQ_5Hd2J9uTi,1NQaYx$l9Fxwk17bLoUQ0I,1NQaYx$l9Fxwk17bLoUQBl,2IRRGeGVD4mwnjuD6Rcm6b,3ouNmxeFb5CQ_5Hd2J9uHX,2IRRGeGVD4mwnjuD6RcmSG,1NQaYx$l9Fxwk17bLoURsg,1NQaYx$l9Fxwk17bLoUQBr,1NQaYx$l9Fxwk17bLoURsR,1NQaYx$l9Fxwk17bLoUQ8T,2IRRGeGVD4mwnjuD6RcmOJ,2IRRGeGVD4mwnjuD6Rcm18,1NQaYx$l9Fxwk17bLoUQ8H,3ouNmxeFb5CQ_5Hd2J9uVB,2IRRGeGVD4mwnjuD6Rcm1D,2IRRGeGVD4mwnjuD6Rcm7D,2IRRGeGVD4mwnjuD6Rcm0v
2IRRGeGVD4mwnjuD6Rcm18,1NQaYx$l9Fxwk17bLoUQ8N,3ouNmxeFb5CQ_5Hd2J9uTZ,2IRRGeGVD4mwnjuD6Rcm2D,1NQaYx$l9Fxwk17bLoURsS,2IRRGeGVD4mwnjuD6Rcm6$,1NQaYx$l9Fxwk17bLoURsg,1NQaYx$l9Fxwk17bLoURsR,3ouNmxeFb5CQ_5Hd2J9uTi
2IRRGeGVD4mwnjuD6Rcm1D,2IRRGeGVD4mwnjuD6Rcm6v,3ouNmxeFb5CQ_5Hd2J9uTZ,2IRRGeGVD4mwnjuD6Rcm1E,1NQaYx$l9Fxwk17bLoURsZ,2IRRGeGVD4mwnjuD6Rcm2D,1NQaYx$l9Fxwk17bLoURsS,1NQaYx$l9Fxwk17bLoURsR
2IRRGeGVD4mwnjuD6Rcm1E,2IRRGeGVD4mwnjuD6Rcm6v,3ouNmxeFb5CQ_5Hd2J9uUp,3ouNmxeFb5CQ_5Hd2J9uTZ,1NQaYx$l9Fxwk17bLoUQ8H,2IRRGeGVD4mwnjuD6Rcm2D,1NQaYx$l9Fxwk17bLoURsZ,2IRRGeGVD4mwnjuD6Rcm1D,1NQaYx$l9Fxwk17bLoURsR
2IRRGeGVD4mwnjuD6Rcm0p,1NQaYx$l9Fxwk17bLoUQ0Z,2IRRGeGVD4mwnjuD6Rcm6U,3ouNmxeFb5CQ_5Hd2J9uI2,1NQaYx$l9Fxwk17bLoURsS,3ouNmxeFb5CQ_5Hd2J9u1q,2IRRGeGVD4mwnjuD6Rcm3R,1NQaYx$l9Fxwk17bLoURsf,1Qfe3f5n95yfrQ8nllTWQb,3ouNmxeFb5CQ_5Hd2J9uMI,1NQaYx$l9Fxwk17bLoURvb,1NQaYx$l9Fxwk17bLoUQ05
2IRRGeGVD4mwnjuD6Rcm0v,2IRRGeGVD4mwnjuD6Rcm6i,3ouNmxeFb5CQ_5Hd2J9u2C,2IRRGeGVD4mwnjuD6Rcm6b,3ouNmxeFb5CQ_5Hd2J9uHX,3ouNmxeFb5CQ_5Hd2J9u27,2IRRGeGVD4mwnjuD6Rcm6N,3ouNmxeFb5CQ_5Hd2J9u2L,3ouNmxeFb5CQ_5Hd2J9u1_,2IRRGeGVD4mwnjuD6Rcm3R,2IRRGeGVD4mwnjuD6RcmSq,2IRRGeGVD4mwnjuD6Rcm2D
3I4pmWbmP5j9qN39_QZekP,3ouNmxeFb5CQ_5Hd2J9uMI,2IRRGeGVD4mwnjuD6Rcm5e,2IRRGeGVD4mwnjuD6Rcm3R,3ouNmxeFb5CQ_5Hd2J9uNA
3I4pmWbmP5j9qN39_QZe7s,1y$B4Uq994ePTP2tD$diI2,1y$B4Uq994ePTP2tD$diJx,2IRRGeGVD4mwnjuD6RcmSq,2IRRGeGVD4mwnjuD6Rcm2D,1y$B4Uq994ePTP2tD$diJu,1NQaYx$l9Fxwk17bLoURsS,1NQaYx$l9Fxwk17bLoURci,1NQaYx$l9Fxwk17bLoURd0
1NQaYx$l9Fxwk17bLoUQB8,1NQaYx$l9Fxwk17bLoUQ86,2IRRGeGVD4mwnjuD6RcmOY,1NQaYx$l9Fxwk17bLoUQB1,1NQaYx$l9Fxwk17bLoURsR
1NQaYx$l9Fxwk17bLoUQB1,1NQaYx$l9Fxwk17bLoUQB8,2IRRGeGVD4mwnjuD6RcmOJ,1NQaYx$l9Fxwk17bLoUQBg,1NQaYx$l9Fxwk17bLoURdR,2IRRGeGVD4mwnjuD6RcmOY,1NQaYx$l9Fxwk17bLoURdF,1NQaYx$l9Fxwk17bLoUQBr,1NQaYx$l9Fxwk17bLoURsR
1NQaYx$l9Fxwk17bLoUQBx,1NQaYx$l9Fxwk17bLoUQBl,2IRRGeGVD4mwnjuD6RcmRq,1NQaYx$l9Fxwk17bLoUQ86,2IRRGeGVD4mwnjuD6RcmRv,1NQaYx$l9Fxwk17bLoUQBa,1NQaYx$l9Fxwk17bLoURsR
1NQaYx$l9Fxwk17bLoUQBr,1NQaYx$l9Fxwk17bLoUQ8N,1NQaYx$l9Fxwk17bLoURsR,2IRRGeGVD4mwnjuD6RcmOJ,2IRRGeGVD4mwnjuD6Rcm2D,2IRRGeGVD4mwnjuD6RcmOY,1NQaYx$l9Fxwk17bLoUQB1,2IRRGeGVD4mwnjuD6Rcm77
1NQaYx$l9Fxwk17bLoUQBl,1NQaYx$l9Fxwk17bLoUQBx,1NQaYx$l9Fxwk17bLoUQ8T,2IRRGeGVD4mwnjuD6RcmRq,1NQaYx$l9Fxwk17bLoUQBg,2IRRGeGVD4mwnjuD6Rcm2D,1NQaYx$l9Fxwk17bLoURsR
1NQaYx$l9Fxwk17bLoUQBg,1NQaYx$l9Fxwk17bLoUQ8T,1NQaYx$l9Fxwk17bLoUQBl,2IRRGeGVD4mwnjuD6Rcm2D,2IRRGeGVD4mwnjuD6RcmOY,1NQaYx$l9Fxwk17bLoUQB1,1NQaYx$l9Fxwk17bLoURsR
1NQaYx$l9Fxwk17bLoUQBa,1NQaYx$l9Fxwk17bLoUQBx,2IRRGeGVD4mwnjuD6RcmRq,2IRRGeGVD4mwnjuD6Rcm2D,1NQaYx$l9Fxwk17bLoUQ8H,2IRRGeGVD4mwnjuD6Rcm7D,2IRRGeGVD4mwnjuD6RcmRv,1NQaYx$l9Fxwk17bLoURsR
1NQaYx$l9Fxwk17bLoUQ8T,2IRRGeGVD4mwnjuD6Rcm6v,1NQaYx$l9Fxwk17bLoUQBl,1NQaYx$l9Fxwk17bLoUQBg,2IRRGeGVD4mwnjuD6Rcm2D,2IRRGeGVD4mwnjuD6Rcm6$,1NQaYx$l9Fxwk17bLoURsR
1NQaYx$l9Fxwk17bLoUQ8N,1NQaYx$l9Fxwk17bLoURsg,2IRRGeGVD4mwnjuD6Rcm18,2IRRGeGVD4mwnjuD6Rcm2D,2IRRGeGVD4mwnjuD6Rcm6$,2IRRGeGVD4mwnjuD6Rcm77,1NQaYx$l9Fxwk17bLoUQBr,1NQaYx$l9Fxwk17bLoURsR
1NQaYx$l9Fxwk17bLoUQ8H,2IRRGeGVD4mwnjuD6Rcm6v,2IRRGeGVD4mwnjuD6Rcm1E,2IRRGeGVD4mwnjuD6Rcm2D,1NQaYx$l9Fxwk17bLoURsZ,2IRRGeGVD4mwnjuD6Rcm7D,1NQaYx$l9Fxwk17bLoUQBa,1NQaYx$l9Fxwk17bLoURsR
1NQaYx$l9Fxwk17bLoUQ86,1NQaYx$l9Fxwk17bLoUQB8,1NQaYx$l9Fxwk17bLoUQBx,1NQaYx$l9Fxwk17bLoURsR
1NQaYx$l9Fxwk17bLoUQ0I,2IRRGeGVD4mwnjuD6Rcm6i,2IRRGeGVD4mwnjuD6Rcm6b,2IRRGeGVD4mwnjuD6Rcm2D,2IRRGeGVD4mwnjuD6Rcm6N,1NQaYx$l9Fxwk17bLoURsS,1NQaYx$l9Fxwk17bLoUQ0B,1NQaYx$l9Fxwk17bLoURd0
1NQaYx$l9Fxwk17bLoUQ0B,2IRRGeGVD4mwnjuD6Rcm3R,1NQaYx$l9Fxwk17bLoUQ0I,2IRRGeGVD4mwnjuD6Rcm6N,1NQaYx$l9Fxwk17bLoURsS,1NQaYx$l9Fxwk17bLoURd0
1NQaYx$l9Fxwk17bLoUQ05,2IRRGeGVD4mwnjuD6Rcm3R,1NQaYx$l9Fxwk17bLoURsf,1NQaYx$l9Fxwk17bLoUQ0Z,2IRRGeGVD4mwnjuD6Rcm6U,1NQaYx$l9Fxwk17bLoUR$2,1NQaYx$l9Fxwk17bLoURvb,2IRRGeGVD4mwnjuD6Rcm0p
1NQaYx$l9Fxwk17bLoUQ0x,2IRRGeGVD4mwnjuD6Rcm3R,1NQaYx$l9Fxwk17bLoUQ0g,1NQaYx$l9Fxwk17bLoURdw,2IRRGeGVD4mwnjuD6Rcm5e,1NQaYx$l9Fxwk17bLoURvb,1NQaYx$l9Fxwk17bLoURtU,2yFdxy3_L2bf88kM4higZS
1NQaYx$l9Fxwk17bLoUQ0m,1NQaYx$l9Fxwk17bLoUR$y,2IRRGeGVD4mwnjuD6Rcm5e,2IRRGeGVD4mwnjuD6Rcm3R,1NQaYx$l9Fxwk17bLoURvb
1NQaYx$l9Fxwk17bLoUQ0g,2IRRGeGVD4mwnjuD6Rcm3R,1NQaYx$l9Fxwk17bLoUR$8,1NQaYx$l9Fxwk17bLoURdw,2IRRGeGVD4mwnjuD6Rcm5e,1NQaYx$l9Fxwk17bLoURvb,1NQaYx$l9Fxwk17bLoUQ0x
1NQaYx$l9Fxwk17bLoUQ0Z,2IRRGeGVD4mwnjuD6Rcm3R,1NQaYx$l9Fxwk17bLoURsf,2IRRGeGVD4mwnjuD6Rcm6U,1NQaYx$l9Fxwk17bLoUR$2,1NQaYx$l9Fxwk17bLoURvb,2IRRGeGVD4mwnjuD6Rcm0p,1NQaYx$l9Fxwk17bLoUQ05
1NQaYx$l9Fxwk17bLoUR$8,2IRRGeGVD4mwnjuD6Rcm50,2IRRGeGVD4mwnjuD6Rcm3R,1NQaYx$l9Fxwk17bLoUQ0g,1NQaYx$l9Fxwk17bLoUR$r,1NQaYx$l9Fxwk17bLoURdw,2IRRGeGVD4mwnjuD6Rcm5e,1NQaYx$l9Fxwk17bLoURvb,2IRRGeGVD4mwnjuD6Rcm5K
1NQaYx$l9Fxwk17bLoUR$2,2IRRGeGVD4mwnjuD6Rcm3R,1NQaYx$l9Fxwk17bLoUQ0Z,2IRRGeGVD4mwnjuD6Rcm56,2IRRGeGVD4mwnjuD6Rcm6U,1NQaYx$l9Fxwk17bLoUR$l,1NQaYx$l9Fxwk17bLoURvb,2IRRGeGVD4mwnjuD6Rcm5Q,1NQaYx$l9Fxwk17bLoUQ05
1NQaYx$l9Fxwk17bLoUR$y,2IRRGeGVD4mwnjuD6Rcm3R,1NQaYx$l9Fxwk17bLoUQ0m,2IRRGeGVD4mwnjuD6Rcm3g,1NQaYx$l9Fxwk17bLoURvb,1NQaYx$l9Fxwk17bLoUR$Z
1NQaYx$l9Fxwk17bLoUR$r,2IRRGeGVD4mwnjuD6Rcm50,2IRRGeGVD4mwnjuD6Rcm5C,2IRRGeGVD4mwnjuD6Rcm3R,1NQaYx$l9Fxwk17bLoUR$8,1NQaYx$l9Fxwk17bLoURdw,1NQaYx$l9Fxwk17bLoURaO,1NQaYx$l9Fxwk17bLoURvb
1NQaYx$l9Fxwk17bLoUR$l,2IRRGeGVD4mwnjuD6Rcm3R,2IRRGeGVD4mwnjuD6Rcm56,1NQaYx$l9Fxwk17bLoUR$2,2IRRGeGVD4mwnjuD6Rcm3g,1NQaYx$l9Fxwk17bLoURvb,2IRRGeGVD4mwnjuD6Rcm4W,1NQaYx$l9Fxwk17bLoUR$Z
1NQaYx$l9Fxwk17bLoUR$f,1NQaYx$l9Fxwk17bLoURaU,2IRRGeGVD4mwnjuD6Rcm4c,2IRRGeGVD4mwnjuD6Rcm3R,1NQaYx$l9Fxwk17bLoURdw,1NQaYx$l9Fxwk17bLoURda,1NQaYx$l9Fxwk17bLoURvb,1NQaYx$l9Fxwk17bLoURzZ
1NQaYx$l9Fxwk17bLoUR$Z,1NQaYx$l9Fxwk17bLoUR$y,1NQaYx$l9Fxwk17bLoURyT,2IRRGeGVD4mwnjuD6Rcm3R,1NQaYx$l9Fxwk17bLoURZr,1NQaYx$l9Fxwk17bLoURdw,2IRRGeGVD4mwnjuD6Rcm3g,1NQaYx$l9Fxwk17bLoUR$l,1NQaYx$l9Fxwk17bLoURvb,2IRRGeGVD4mwnjuD6Rcm4W
1NQaYx$l9Fxwk17bLoURyT,2IRRGeGVD4mwnjuD6Rcm3R,2IRRGeGVD4mwnjuD6Rcm3g,1NQaYx$l9Fxwk17bLoURvb,1NQaYx$l9Fxwk17bLoURzZ,1NQaYx$l9Fxwk17bLoUR$Z
1NQaYx$l9Fxwk17bLoURzZ,2IRRGeGVD4mwnjuD6Rcm4c,2IRRGeGVD4mwnjuD6Rcm3R,1NQaYx$l9Fxwk17bLoURvb,1NQaYx$l9Fxwk17bLoUR$f,1NQaYx$l9Fxwk17bLoURyT
1NQaYx$l9Fxwk17bLoURvb,2IRRGeGVD4mwnjuD6Rcm4c,1NQaYx$l9Fxwk17bLoURaO,2IRRGeGVD4mwnjuD6Rcm56,1NQaYx$l9Fxwk17bLoUQ0Z,2IRRGeGVD4mwnjuD6Rcm6U,1NQaYx$l9Fxwk17bLoURdw,1NQaYx$l9Fxwk17bLoURsS,1NQaYx$l9Fxwk17bLoURtU,1NQaYx$l9Fxwk17bLoURzZ,1NQaYx$l9Fxwk17bLoUR$y,1NQaYx$l9Fxwk17bLoURsf,1NQaYx$l9Fxwk17bLoURdm,1NQaYx$l9Fxwk17bLoUQ0m,1NQaYx$l9Fxwk17bLoUR$2,1NQaYx$l9Fxwk17bLoUR$r,1NQaYx$l9Fxwk17bLoURda,1NQaYx$l9Fxwk17bLoUR$f,2IRRGeGVD4mwnjuD6Rcm5Q,2IRRGeGVD4mwnjuD6Rcm0p,1NQaYx$l9Fxwk17bLoUR$Z,1NQaYx$l9Fxwk17bLoURaU,2IRRGeGVD4mwnjuD6Rcm50,2IRRGeGVD4mwnjuD6Rcm5C,1NQaYx$l9Fxwk17bLoUQ0g,1NQaYx$l9Fxwk17bLoURZr,2yFdxy3_L2bf88kM4higZQ,2IRRGeGVD4mwnjuD6Rcm3g,1NQaYx$l9Fxwk17bLoUQ0x,1NQaYx$l9Fxwk17bLoURyT,2yFdxy3_L2bf88kM4higZS,2IRRGeGVD4mwnjuD6Rcm3R,1NQaYx$l9Fxwk17bLoUR$8,2IRRGeGVD4mwnjuD6Rcm5e,1NQaYx$l9Fxwk17bLoUR$l,2IRRGeGVD4mwnjuD6Rcm5K,2IRRGeGVD4mwnjuD6Rcm4W,1NQaYx$l9Fxwk17bLoUQ05
1NQaYx$l9Fxwk17bLoURsS,1NQaYx$l9Fxwk17bLoURdw,1NQaYx$l9Fxwk17bLoURci,2IRRGeGVD4mwnjuD6Rcm6N,3I4pmWbmP5j9qN39_QZe7s,1NQaYx$l9Fxwk17bLoUQ0B,1NQaYx$l9Fxwk17bLoURtU,1NQaYx$l9Fxwk17bLoURd0,2yFdxy3_L2bf88kM4higZL,1NQaYx$l9Fxwk17bLoURsf,1NQaYx$l9Fxwk17bLoURsZ,2IRRGeGVD4mwnjuD6RcmSq,2IRRGeGVD4mwnjuD6Rcm6$,2IRRGeGVD4mwnjuD6Rcm0p,1NQaYx$l9Fxwk17bLoUQ0I,2IRRGeGVD4mwnjuD6Rcm6b,2yFdxy3_L2bf88kM4higZQ,1NQaYx$l9Fxwk17bLoURsg,1NQaYx$l9Fxwk17bLoURsR,2yFdxy3_L2bf88kM4higZS,2IRRGeGVD4mwnjuD6Rcm3R,2yFdxy3_L2bf88kM4higWX,2IRRGeGVD4mwnjuD6Rcm18,2IRRGeGVD4mwnjuD6Rcm2D,2IRRGeGVD4mwnjuD6Rcm5e,2IRRGeGVD4mwnjuD6Rcm1D,1NQaYx$l9Fxwk17bLoURvb,1NQaYx$l9Fxwk17bLoURdF
1NQaYx$l9Fxwk17bLoURsR,1NQaYx$l9Fxwk17bLoUQ8N,2IRRGeGVD4mwnjuD6Rcm6v,1NQaYx$l9Fxwk17bLoUQ86,1NQaYx$l9Fxwk17bLoURsS,2IRRGeGVD4mwnjuD6RcmOY,2yFdxy3_L2bf88kM4higZL,1NQaYx$l9Fxwk17bLoUQBa,2IRRGeGVD4mwnjuD6Rcm1E,2IRRGeGVD4mwnjuD6RcmRq,1NQaYx$l9Fxwk17bLoUQBg,1NQaYx$l9Fxwk17bLoURsZ,1NQaYx$l9Fxwk17bLoURdG,2IRRGeGVD4mwnjuD6Rcm6$,2IRRGeGVD4mwnjuD6Rcm77,2IRRGeGVD4mwnjuD6RcmRv,1NQaYx$l9Fxwk17bLoUQB1,1NQaYx$l9Fxwk17bLoUQB8,1NQaYx$l9Fxwk17bLoUQBx,1NQaYx$l9Fxwk17bLoUQBl,1NQaYx$l9Fxwk17bLoURsg,1NQaYx$l9Fxwk17bLoUQBr,1NQaYx$l9Fxwk17bLoUQ8T,2yFdxy3_L2bf88kM4higWX,1NQaYx$l9Fxwk17bLoUQ8H,2IRRGeGVD4mwnjuD6RcmOJ,2IRRGeGVD4mwnjuD6Rcm2D,2IRRGeGVD4mwnjuD6Rcm18,2IRRGeGVD4mwnjuD6Rcm1D,1NQaYx$l9Fxwk17bLoURdR,2IRRGeGVD4mwnjuD6Rcm7D,1NQaYx$l9Fxwk17bLoURdF
1NQaYx$l9Fxwk17bLoURsg,1NQaYx$l9Fxwk17bLoUQ8N,2IRRGeGVD4mwnjuD6Rcm18,2IRRGeGVD4mwnjuD6Rcm2D,1NQaYx$l9Fxwk17bLoURsS,2IRRGeGVD4mwnjuD6Rcm6$,1NQaYx$l9Fxwk17bLoURdF,1NQaYx$l9Fxwk17bLoURsR,2yFdxy3_L2bf88kM4higZL
1NQaYx$l9Fxwk17bLoURsf,2IRRGeGVD4mwnjuD6Rcm3R,1NQaYx$l9Fxwk17bLoUQ0Z,2yFdxy3_L2bf88kM4higZQ,2IRRGeGVD4mwnjuD6Rcm6U,1NQaYx$l9Fxwk17bLoURdw,1NQaYx$l9Fxwk17bLoURvb,1NQaYx$l9Fxwk17bLoURsS,2IRRGeGVD4mwnjuD6Rcm0p,1NQaYx$l9Fxwk17bLoUQ05
1NQaYx$l9Fxwk17bLoURsZ,2IRRGeGVD4mwnjuD6Rcm6v,2IRRGeGVD4mwnjuD6Rcm1E,1NQaYx$l9Fxwk17bLoUQ8H,2IRRGeGVD4mwnjuD6Rcm2D,1NQaYx$l9Fxwk17bLoURsS,2IRRGeGVD4mwnjuD6Rcm1D,1NQaYx$l9Fxwk17bLoURdG,1NQaYx$l9Fxwk17bLoURdF,2yFdxy3_L2bf88kM4higWX,1NQaYx$l9Fxwk17bLoURsR
1NQaYx$l9Fxwk17bLoURtU,2IRRGeGVD4mwnjuD6Rcm3R,1NQaYx$l9Fxwk17bLoURdw,2IRRGeGVD4mwnjuD6Rcm5e,1NQaYx$l9Fxwk17bLoURvb,1NQaYx$l9Fxwk17bLoURsS,1NQaYx$l9Fxwk17bLoUQ0x,2yFdxy3_L2bf88kM4higZS
1NQaYx$l9Fxwk17bLoURci,1y$B4Uq994ePTP2tD$diI2,1y$B4Uq994ePTP2tD$diJx,3I4pmWbmP5j9qN39_QZe7s,1NQaYx$l9Fxwk17bLoURsS,1y$B4Uq994ePTP2tD$diJu,1NQaYx$l9Fxwk17bLoURd0
1NQaYx$l9Fxwk17bLoURcY,1NQaYx$l9Fxwk17bLoURdF,1NQaYx$l9Fxwk17bLoURcX
1NQaYx$l9Fxwk17bLoURcX,1NQaYx$l9Fxwk17bLoURdL,1NQaYx$l9Fxwk17bLoURdF,1NQaYx$l9Fxwk17bLoURcY
1NQaYx$l9Fxwk17bLoURdR,1NQaYx$l9Fxwk17bLoURdF,1NQaYx$l9Fxwk17bLoUQB1,1NQaYx$l9Fxwk17bLoURsR
1NQaYx$l9Fxwk17bLoURdL,1NQaYx$l9Fxwk17bLoURdA,1NQaYx$l9Fxwk17bLoURdF,1NQaYx$l9Fxwk17bLoURcX,1NQaYx$l9Fxwk17bLoURdG
1NQaYx$l9Fxwk17bLoURdG,2yFdxy3_L2bf88kM4higWX,1NQaYx$l9Fxwk17bLoURsZ,1NQaYx$l9Fxwk17bLoURdA,1NQaYx$l9Fxwk17bLoURdL,1NQaYx$l9Fxwk17bLoURdF,1NQaYx$l9Fxwk17bLoURsR
1NQaYx$l9Fxwk17bLoURdF,1NQaYx$l9Fxwk17bLoURsS,2yFdxy3_L2bf88kM4higZL,1NQaYx$l9Fxwk17bLoURsg,1NQaYx$l9Fxwk17bLoURsR,1NQaYx$l9Fxwk17bLoURd0,2yFdxy3_L2bf88kM4higWX,1NQaYx$l9Fxwk17bLoURsZ,1NQaYx$l9Fxwk17bLoURcY,1NQaYx$l9Fxwk17bLoURdA,1NQaYx$l9Fxwk17bLoURdR,1NQaYx$l9Fxwk17bLoURdL,1NQaYx$l9Fxwk17bLoURdG,1NQaYx$l9Fxwk17bLoURcX,1NQaYx$l9Fxwk17bLoUQB1
1NQaYx$l9Fxwk17bLoURdA,1NQaYx$l9Fxwk17bLoURdL,1NQaYx$l9Fxwk17bLoURdF,2yFdxy3_L2bf88kM4higWX,1NQaYx$l9Fxwk17bLoURdG
1NQaYx$l9Fxwk17bLoURd0,1NQaYx$l9Fxwk17bLoUQ0I,2yFdxy3_L2bf88kM4higWX,1NQaYx$l9Fxwk17bLoURdw,1NQaYx$l9Fxwk17bLoURci,3I4pmWbmP5j9qN39_QZe7s,1NQaYx$l9Fxwk17bLoURsS,1NQaYx$l9Fxwk17bLoURdF,1NQaYx$l9Fxwk17bLoUQ0B,2yFdxy3_L2bf88kM4higZL
1NQaYx$l9Fxwk17bLoURdw,1NQaYx$l9Fxwk17bLoURaU,1NQaYx$l9Fxwk17bLoURaO,1NQaYx$l9Fxwk17bLoUQ0g,1NQaYx$l9Fxwk17bLoURZr,2yFdxy3_L2bf88kM4higZQ,1NQaYx$l9Fxwk17bLoURsS,1NQaYx$l9Fxwk17bLoURtU,1NQaYx$l9Fxwk17bLoURd0,1NQaYx$l9Fxwk17bLoUQ0x,2yFdxy3_L2bf88kM4higZS,1NQaYx$l9Fxwk17bLoURsf,1NQaYx$l9Fxwk17bLoURdm,1NQaYx$l9Fxwk17bLoUR$8,1NQaYx$l9Fxwk17bLoUR$r,1NQaYx$l9Fxwk17bLoURda,1NQaYx$l9Fxwk17bLoURvb,1NQaYx$l9Fxwk17bLoUR$f,1NQaYx$l9Fxwk17bLoUR$Z
1NQaYx$l9Fxwk17bLoURdm,1NQaYx$l9Fxwk17bLoURda,1NQaYx$l9Fxwk17bLoURvb,1NQaYx$l9Fxwk17bLoURZr,1NQaYx$l9Fxwk17bLoURdw
1NQaYx$l9Fxwk17bLoURda,1NQaYx$l9Fxwk17bLoURaU,1NQaYx$l9Fxwk17bLoURdm,1NQaYx$l9Fxwk17bLoURdw,1NQaYx$l9Fxwk17bLoURvb,1NQaYx$l9Fxwk17bLoUR$f
1NQaYx$l9Fxwk17bLoURaU,1NQaYx$l9Fxwk17bLoURda,1NQaYx$l9Fxwk17bLoURvb,1NQaYx$l9Fxwk17bLoUR$f,1NQaYx$l9Fxwk17bLoURdw
1NQaYx$l9Fxwk17bLoURaO,1NQaYx$l9Fxwk17bLoURvb,1NQaYx$l9Fxwk17bLoURdw,1NQaYx$l9Fxwk17bLoUR$r
1NQaYx$l9Fxwk17bLoURZr,1NQaYx$l9Fxwk17bLoURvb,1NQaYx$l9Fxwk17bLoURdm,1NQaYx$l9Fxwk17bLoURdw,1NQaYx$l9Fxwk17bLoUR$Z
2yFdxy3_L2bf88kM4higZL,1NQaYx$l9Fxwk17bLoURsS,1NQaYx$l9Fxwk17bLoURdF,1NQaYx$l9Fxwk17bLoURsg,1NQaYx$l9Fxwk17bLoURsR,1NQaYx$l9Fxwk17bLoURd0
2yFdxy3_L2bf88kM4higZQ,1NQaYx$l9Fxwk17bLoURvb,1NQaYx$l9Fxwk17bLoURsS,1NQaYx$l9Fxwk17bLoURsf,1NQaYx$l9Fxwk17bLoURdw
2yFdxy3_L2bf88kM4higZS,1NQaYx$l9Fxwk17bLoURdw,1NQaYx$l9Fxwk17bLoURvb,1NQaYx$l9Fxwk17bLoURsS,1NQaYx$l9Fxwk17bLoURtU,1NQaYx$l9Fxwk17bLoUQ0x
2yFdxy3_L2bf88kM4higWX,1NQaYx$l9Fxwk17bLoURdG,1NQaYx$l9Fxwk17bLoURsZ,1NQaYx$l9Fxwk17bLoURdA,1NQaYx$l9Fxwk17bLoURsS,1NQaYx$l9Fxwk17bLoURdF,1NQaYx$l9Fxwk17bLoURd0,1NQaYx$l9Fxwk17bLoURsR
2yFdxy3_L2bf88kM4higSE,0h1417sob1_w6opPcsjJfq,1y$B4Uq994ePTP2tD$diGY,1y$B4Uq994ePTP2tD$diGB,1y$B4Uq994ePTP2tD$diHh,1y$B4Uq994ePTP2tD$diJq,1y$B4Uq994ePTP2tD$dik7,0h1417sob1_w6opPcsjJsj
2yFdxy3_L2bf88kM4higSN,0h1417sob1_w6opPcsjJfq,3cgL22Rh50aPZnHkdtNFJX
2yFdxy3_L2bf88kM4higSP
0h1417sob1_w6opPcsjJq8,0h1417sob1_w6opPcsjJs$,1_bgsf_bP5g97UQjHnvxur,0h1417sob1_w6opPcsjJrO,0h1417sob1_w6opPcsjJsj,0h1417sob1_w6opPcsjJrI
0h1417sob1_w6opPcsjJqV,0h1417sob1_w6opPcsjJrI,0h1417sob1_w6opPcsjJqc,0h1417sob1_w6opPcsjJs$,0h1417sob1_w6opPcsjJrO,0h1417sob1_w6opPcsjJrY,0h1417sob1_w6opPcsjJsj
0h1417sob1_w6opPcsjJqc,0h1417sob1_w6opPcsjJqV,0h1417sob1_w6opPcsjJrO,0h1417sob1_w6opPcsjJrY
0h1417sob1_w6opPcsjJrI,0h1417sob1_w6opPcsjJs$,0h1417sob1_w6opPcsjJq8,0h1417sob1_w6opPcsjJqV,0h1417sob1_w6opPcsjJrO,0h1417sob1_w6opPcsjJsj
0h1417sob1_w6opPcsjJrO,1_bgsf_bP5g97UQjHnvxve,0h1417sob1_w6opPcsjJs$,0h1417sob1_w6opPcsjJq8,1_bgsf_bP5g97UQjHnvxur,1_bgsf_bP5g97UQjHnvxxo,0h1417sob1_w6opPcsjJrI,0h1417sob1_w6opPcsjJqc,1_bgsf_bP5g97UQjHnvxvK,0h1417sob1_w6opPcsjJqV,1_bgsf_bP5g97UQjHnvxuC,0h1417sob1_w6opPcsjJrY,0h1417sob1_w6opPcsjJsj
0h1417sob1_w6opPcsjJrY,1_bgsf_bP5g97UQjHnvxve,0h1417sob1_w6opPcsjJsj,0h1417sob1_w6opPcsjJs$,1_bgsf_bP5g97UQjHnvxvK,0h1417sob1_w6opPcsjJqV,1_bgsf_bP5g97UQjHnvxuC,0h1417sob1_w6opPcsjJrO,0h1417sob1_w6opPcsjJqc
0h1417sob1_w6opPcsjJsj,0h1417sob1_w6opPcsjJs$,0h1417sob1_w6opPcsjJq8,1y$B4Uq994ePTP2tD$diHy,1y$B4Uq994ePTP2tD$diGY,1y$B4Uq994ePTP2tD$diHr,1y$B4Uq994ePTP2tD$dikd,0h1417sob1_w6opPcsjJrO,0h1417sob1_w6opPcsjJrI,2yFdxy3_L2bf88kM4higSE,1y$B4Uq994ePTP2tD$diNu,0h1417sob1_w6opPcsjJqV,1y$B4Uq994ePTP2tD$diGB,1y$B4Uq994ePTP2tD$diHh,0h1417sob1_w6opPcsjJrY
0h1417sob1_w6opPcsjJs$,1_bgsf_bP5g97UQjHnvxve,0h1417sob1_w6opPcsjJrY,1_bgsf_bP5g97UQjHnvxvo,0h1417sob1_w6opPcsjJq8,0h1417sob1_w6opPcsjJsj,1_bgsf_bP5g97UQjHnvxvF,1_bgsf_bP5g97UQjHnvxur,0h1417sob1_w6opPcsjJfY,1y$B4Uq994ePTP2tD$dikd,0h1417sob1_w6opPcsjJrO,0h1417sob1_w6opPcsjJrI,1_bgsf_bP5g97UQjHnvxvK,1_bgsf_bP5g97UQjHnvxuW,0h1417sob1_w6opPcsjJqV,0h1417sob1_w6opPcsjJfO,0h1417sob1_w6opPcsjJfI,1y$B4Uq994ePTP2tD$digA,1_bgsf_bP5g97UQjHnvxvP
0h1417sob1_w6opPcsjJfI,0h1417sob1_w6opPcsjJs$,1_bgsf_bP5g97UQjHnvxvo,0h1417sob1_w6opPcsjJfq,1_bgsf_bP5g97UQjHnvxvF,0h1417sob1_w6opPcsjJfY,1_bgsf_bP5g97UQjHnvxxF,3cgL22Rh50aPZnHkdtNFJX,1_bgsf_bP5g97UQjHnvxx4,1_bgsf_bP5g97UQjHnvxvK,1y$B4Uq994ePTP2tD$diJu,1_bgsf_bP5g97UQjHnvxuW,0h1417sob1_w6opPcsjJfO,1y$B4Uq994ePTP2tD$digA,1_bgsf_bP5g97UQjHnvxvP
0h1417sob1_w6opPcsjJfO,0h1417sob1_w6opPcsjJs$,1_bgsf_bP5g97UQjHnvxuW,0h1417sob1_w6opPcsjJfI,1y$B4Uq994ePTP2tD$digA,1_bgsf_bP5g97UQjHnvxvP
0h1417sob1_w6opPcsjJfY,0h1417sob1_w6opPcsjJs$,1_bgsf_bP5g97UQjHnvxvo,1_bgsf_bP5g97UQjHnvxvF,1_bgsf_bP5g97UQjHnvxvK,0h1417sob1_w6opPcsjJfI,1y$B4Uq994ePTP2tD$digA
0h1417sob1_w6opPcsjJfq,2yFdxy3_L2bf88kM4higSE,3cgL22Rh50aPZnHkdtNFJX,1y$B4Uq994ePTP2tD$diJu,0h1417sob1_w6opPcsjJfI,1y$B4Uq994ePTP2tD$diJq,1y$B4Uq994ePTP2tD$dik7,2yFdxy3_L2bf88kM4higSN
1Qfe3f5n95yfrQ8nllTWQb,2IRRGeGVD4mwnjuD6Rcm3R,2IRRGeGVD4mwnjuD6Rcm6U,3ouNmxeFb5CQ_5Hd2J9uMI,3ouNmxeFb5CQ_5Hd2J9uI2,3ouNmxeFb5CQ_5Hd2J9u1q,2IRRGeGVD4mwnjuD6Rcm0p
3cgL22Rh50aPZnHkdtNFJj,3cgL22Rh50aPZnHkdtNFJX,1_bgsf_bP5g97UQjHnvxx4,1y$B4Uq994ePTP2tD$diI2,1y$B4Uq994ePTP2tD$diJx,1y$B4Uq994ePTP2tD$diJu
3cgL22Rh50aPZnHkdtNFJX,0h1417sob1_w6opPcsjJfq,1y$B4Uq994ePTP2tD$diI2,1y$B4Uq994ePTP2tD$diJx,1y$B4Uq994ePTP2tD$diJu,0h1417sob1_w6opPcsjJfI,3cgL22Rh50aPZnHkdtNFJj,2yFdxy3_L2bf88kM4higSN
355mP_2$X41gnHJaKedguZ,3ouNmxeFb5CQ_5Hd2J9uTZ,2IRRGeGVD4mwnjuD6Rcm2D,2IRRGeGVD4mwnjuD6RcmSg,2IRRGeGVD4mwnjuD6RcmSG,3ouNmxeFb5CQ_5Hd2J9uTr
